http://www.dianping.com/shop/83560428,,[],
http://www.dianping.com/shop/103501371,,[],
http://www.dianping.com/shop/65935112,,[],
http://www.dianping.com/shop/82845304,,[],
http://www.dianping.com/shop/80839916,,[],
http://www.dianping.com/shop/80848071,,[],
http://www.dianping.com/shop/72708715,,[],
http://www.dianping.com/shop/80700630,,[],
http://www.dianping.com/shop/80706891,,[],
http://www.dianping.com/shop/1749916609,,[],
http://www.dianping.com/shop/22088251,,[],
http://www.dianping.com/shop/80749915,,[],
http://www.dianping.com/shop/1030876029,,[],
http://www.dianping.com/shop/40173052,,[],
http://www.dianping.com/shop/24281066,,[],
http://www.dianping.com/shop/11104424,,[],
http://www.dianping.com/shop/1254265053,,[],
http://www.dianping.com/shop/126604855,,[],
http://www.dianping.com/shop/97963621,,[],
http://www.dianping.com/shop/82836202,,[],
http://www.dianping.com/shop/69909718,,[],
http://www.dianping.com/shop/111614202,,[],
http://www.dianping.com/shop/101637003,,[],
http://www.dianping.com/shop/129003139,,[],
http://www.dianping.com/shop/80669000,,[],
http://www.dianping.com/shop/111736963,,[],
http://www.dianping.com/shop/81044560,,[],
http://www.dianping.com/shop/45340125,,[],
http://www.dianping.com/shop/105114796,,[],
http://www.dianping.com/shop/72979938,,[],
http://www.dianping.com/shop/126251634,,[],
http://www.dianping.com/shop/102860047,,[],
http://www.dianping.com/shop/40071097,,[],
http://www.dianping.com/shop/98537175,,[],
http://www.dianping.com/shop/81186547,,[],
http://www.dianping.com/shop/11102809,,[],
http://www.dianping.com/shop/14015973,,[],
http://www.dianping.com/shop/92034933,,[],
http://www.dianping.com/shop/78924488,,[],
http://www.dianping.com/shop/99448937,,[],
http://www.dianping.com/shop/80893761,,[],
http://www.dianping.com/shop/83349687,,[],
http://www.dianping.com/shop/11099699,,[],
http://www.dianping.com/shop/14401140,,[],
http://www.dianping.com/shop/1773091345,,[],
http://www.dianping.com/shop/11098805,,[],
http://www.dianping.com/shop/114018291,,[],
http://www.dianping.com/shop/97109165,,[],
http://www.dianping.com/shop/73534970,,[],
http://www.dianping.com/shop/124461811,,[],
http://www.dianping.com/shop/47501919,,[],
http://www.dianping.com/shop/81189146,,[],
http://www.dianping.com/shop/49784566,,[],
http://www.dianping.com/shop/81079195,,[],
http://www.dianping.com/shop/80931674,,[],
http://www.dianping.com/shop/11226017,,[],
http://www.dianping.com/shop/48102023,,[],
http://www.dianping.com/shop/72713375,,[],
http://www.dianping.com/shop/99767438,,[],
http://www.dianping.com/shop/106797392,,[],
http://www.dianping.com/shop/49140862,,[],
http://www.dianping.com/shop/103307094,,[],
http://www.dianping.com/shop/1424697180,,[],
http://www.dianping.com/shop/72510145,,[],
http://www.dianping.com/shop/98729780,,[],
http://www.dianping.com/shop/72992552,,[],
http://www.dianping.com/shop/72977062,,[],
http://www.dianping.com/shop/72710641,,[],
http://www.dianping.com/shop/77481913,,[],
http://www.dianping.com/shop/81027288,,[],
http://www.dianping.com/shop/79232028,,[],
http://www.dianping.com/shop/130947969,,[],
http://www.dianping.com/shop/23253594,,[],
http://www.dianping.com/shop/69861195,,[],
http://www.dianping.com/shop/41587718,,[],
http://www.dianping.com/shop/11170192,,[],
http://www.dianping.com/shop/80771393,,[],
http://www.dianping.com/shop/81010169,,[],
http://www.dianping.com/shop/125841763,,[],
http://www.dianping.com/shop/72531130,,[],
http://www.dianping.com/shop/81193752,,[],
http://www.dianping.com/shop/102883384,,[],
http://www.dianping.com/shop/125986365,,[],
http://www.dianping.com/shop/99756396,,[],
http://www.dianping.com/shop/72991902,,[],
http://www.dianping.com/shop/72824619,,[],
http://www.dianping.com/shop/27254421,,[],
http://www.dianping.com/shop/125148055,,[],
http://www.dianping.com/shop/81243575,,[],
http://www.dianping.com/shop/80843651,,[],
http://www.dianping.com/shop/22011902,,[],
http://www.dianping.com/shop/27212122,,[],
http://www.dianping.com/shop/59186119,,[],
http://www.dianping.com/shop/49142855,,[],
http://www.dianping.com/shop/80894767,,[],
http://www.dianping.com/shop/80853629,,[],
http://www.dianping.com/shop/1911900492,,[],
http://www.dianping.com/shop/11208500,,[],
http://www.dianping.com/shop/79024029,,[],
http://www.dianping.com/shop/67559571,,[],
http://www.dianping.com/shop/66000012,,[],
http://www.dianping.com/shop/82847817,,[],
http://www.dianping.com/shop/80911228,,[],
http://www.dianping.com/shop/73055627,,[],
http://www.dianping.com/shop/70322760,,[],
http://www.dianping.com/shop/113043026,,[],
http://www.dianping.com/shop/73527455,,[],
http://www.dianping.com/shop/80860727,,[],
http://www.dianping.com/shop/32473205,,[],
http://www.dianping.com/shop/112920124,,[],
http://www.dianping.com/shop/23009920,,[],
http://www.dianping.com/shop/76950854,,[],
http://www.dianping.com/shop/5403614,,[],
http://www.dianping.com/shop/80861817,,[],
http://www.dianping.com/shop/72751995,,[],
http://www.dianping.com/shop/97802623,,[],
http://www.dianping.com/shop/131764600,,[],
http://www.dianping.com/shop/82740220,,[],
http://www.dianping.com/shop/92387329,,[],
http://www.dianping.com/shop/82870567,,[],
http://www.dianping.com/shop/79516952,,[],
http://www.dianping.com/shop/73524768,,[],
http://www.dianping.com/shop/124967255,,[],
http://www.dianping.com/shop/21721061,,[],
http://www.dianping.com/shop/1761144123,,[],
http://www.dianping.com/shop/97550138,,[],
http://www.dianping.com/shop/1923811365,,[],
http://www.dianping.com/shop/58893593,,[],
http://www.dianping.com/shop/1376389707,,[],
http://www.dianping.com/shop/24780731,,[],
http://www.dianping.com/shop/70289121,,[],
http://www.dianping.com/shop/48437353,,[],
http://www.dianping.com/shop/11224251,,[],
http://www.dianping.com/shop/14628697,,[],
http://www.dianping.com/shop/11219873,,[],
http://www.dianping.com/shop/80946140,,[],
http://www.dianping.com/shop/112224838,,[],
http://www.dianping.com/shop/124636510,,[],
http://www.dianping.com/shop/107834013,,[],
http://www.dianping.com/shop/22258899,,[],
http://www.dianping.com/shop/131612869,,[],
http://www.dianping.com/shop/11211890,,[],
http://www.dianping.com/shop/80877052,,[],
http://www.dianping.com/shop/125064782,,[],
http://www.dianping.com/shop/93086719,,[],
http://www.dianping.com/shop/70388705,,[],
http://www.dianping.com/shop/48537593,,[],
http://www.dianping.com/shop/13224158,,[],
http://www.dianping.com/shop/81034257,,[],
http://www.dianping.com/shop/5288820,,[],
http://www.dianping.com/shop/101708780,,[],
http://www.dianping.com/shop/81087908,,[],
http://www.dianping.com/shop/72729858,,[],
http://www.dianping.com/shop/57945578,,[],
http://www.dianping.com/shop/72588892,,[],
http://www.dianping.com/shop/100560321,,[],
http://www.dianping.com/shop/4509887,,[],
http://www.dianping.com/shop/49986445,,[],
http://www.dianping.com/shop/13230958,,[],
http://www.dianping.com/shop/13229967,,[],
http://www.dianping.com/shop/80925231,,[],
http://www.dianping.com/shop/102600334,,[],
http://www.dianping.com/shop/80840738,,[],
http://www.dianping.com/shop/20953071,,[],
http://www.dianping.com/shop/48642832,,[],
http://www.dianping.com/shop/81189197,,[],
http://www.dianping.com/shop/72992730,,[],
http://www.dianping.com/shop/73330712,,[],
http://www.dianping.com/shop/78936921,,[],
http://www.dianping.com/shop/58510228,,[],
http://www.dianping.com/shop/93935025,,[],
http://www.dianping.com/shop/73094595,,[],
http://www.dianping.com/shop/73023361,,[],
http://www.dianping.com/shop/48565688,,[],
http://www.dianping.com/shop/49334505,,[],
http://www.dianping.com/shop/80648058,,[],
http://www.dianping.com/shop/81066658,,[],
http://www.dianping.com/shop/131049239,,[],
http://www.dianping.com/shop/47478186,,[],
http://www.dianping.com/shop/102813533,,[],
http://www.dianping.com/shop/80895494,,[],
http://www.dianping.com/shop/1641486687,,[],
http://www.dianping.com/shop/973389580,,[],
http://www.dianping.com/shop/80661590,,[],
http://www.dianping.com/shop/27179870,,[],
http://www.dianping.com/shop/112657807,,[],
http://www.dianping.com/shop/82765986,,[],
http://www.dianping.com/shop/100029443,,[],
http://www.dianping.com/shop/17406441,,[],
http://www.dianping.com/shop/122833638,,[],
http://www.dianping.com/shop/81091907,,[],
http://www.dianping.com/shop/80610344,,[],
http://www.dianping.com/shop/8937711,,[],
http://www.dianping.com/shop/23081749,,[],
http://www.dianping.com/shop/113041539,,[],
http://www.dianping.com/shop/3036571,,[],
http://www.dianping.com/shop/815325175,,[],
http://www.dianping.com/shop/58936912,,[],
http://www.dianping.com/shop/126216688,,[],
http://www.dianping.com/shop/81238698,,[],
http://www.dianping.com/shop/103040418,,[],
http://www.dianping.com/shop/4134880,,[],
http://www.dianping.com/shop/4112036,,[],
http://www.dianping.com/shop/98642362,,[],
http://www.dianping.com/shop/5729863,,[],
http://www.dianping.com/shop/3315544,,[],
http://www.dianping.com/shop/27347548,,[],
http://www.dianping.com/shop/15909806,,[],
http://www.dianping.com/shop/1631756826,,[],
http://www.dianping.com/shop/58647726,,[],
http://www.dianping.com/shop/1508008423,,[],
http://www.dianping.com/shop/94025253,,[],
http://www.dianping.com/shop/94274625,,[],
http://www.dianping.com/shop/946084687,,[],
http://www.dianping.com/shop/1986086052,,[],
http://www.dianping.com/shop/83408221,,[],
http://www.dianping.com/shop/108723615,,[],
http://www.dianping.com/shop/110582841,,[],
http://www.dianping.com/shop/79689337,,[],
http://www.dianping.com/shop/81045310,,[],
http://www.dianping.com/shop/1471209801,,[],
http://www.dianping.com/shop/80919655,,[],
http://www.dianping.com/shop/1400252176,,[],
http://www.dianping.com/shop/13784219,,[],
http://www.dianping.com/shop/1980176888,,[],
http://www.dianping.com/shop/8003266,,[],
http://www.dianping.com/shop/15133021,,[],
http://www.dianping.com/shop/132094215,,[],
http://www.dianping.com/shop/1082320920,,[],
http://www.dianping.com/shop/81165857,,[],
http://www.dianping.com/shop/17864673,,[],
http://www.dianping.com/shop/79576903,,[],
http://www.dianping.com/shop/69600020,,[],
http://www.dianping.com/shop/27300175,,[],
http://www.dianping.com/shop/80835709,,[],
http://www.dianping.com/shop/130877158,,[],
http://www.dianping.com/shop/4011991,,[],
http://www.dianping.com/shop/1960986365,,[],
http://www.dianping.com/shop/79668540,,[],
http://www.dianping.com/shop/2783665,,[],
http://www.dianping.com/shop/21086348,,[],
http://www.dianping.com/shop/97176128,,[],
http://www.dianping.com/shop/1626135419,,[],
http://www.dianping.com/shop/83378241,,[],
http://www.dianping.com/shop/65658256,,[],
http://www.dianping.com/shop/76873088,,[],
http://www.dianping.com/shop/97423490,,[],
http://www.dianping.com/shop/99101257,,[],
http://www.dianping.com/shop/79129268,,[],
http://www.dianping.com/shop/96508014,,[],
http://www.dianping.com/shop/8006939,,[],
http://www.dianping.com/shop/1319809961,,[],
http://www.dianping.com/shop/5210395,,[],
http://www.dianping.com/shop/1281011803,,[],
http://www.dianping.com/shop/1859767,,[],
http://www.dianping.com/shop/81172464,,[],
http://www.dianping.com/shop/1373649901,,[],
http://www.dianping.com/shop/2446489,,[],
http://www.dianping.com/shop/32450447,,[],
http://www.dianping.com/shop/69754402,,[],
http://www.dianping.com/shop/81167419,,[],
http://www.dianping.com/shop/16817750,,[],
http://www.dianping.com/shop/27221611,,[],
http://www.dianping.com/shop/73131656,,[],
http://www.dianping.com/shop/96215405,,[],
http://www.dianping.com/shop/79516230,,[],
http://www.dianping.com/shop/50249137,,[],
http://www.dianping.com/shop/131532965,,[],
http://www.dianping.com/shop/13192366,,[],
http://www.dianping.com/shop/23696776,,[],
http://www.dianping.com/shop/13037926,,[],
http://www.dianping.com/shop/83064353,,[],
http://www.dianping.com/shop/99727357,,[],
http://www.dianping.com/shop/110801850,,[],
http://www.dianping.com/shop/122912786,,[],
http://www.dianping.com/shop/80755804,,[],
http://www.dianping.com/shop/123149314,,[],
http://www.dianping.com/shop/73529745,,[],
http://www.dianping.com/shop/111674604,,[],
http://www.dianping.com/shop/80662470,,[],
http://www.dianping.com/shop/130399443,,[],
http://www.dianping.com/shop/41093808,,[],
http://www.dianping.com/shop/39640195,,[],
http://www.dianping.com/shop/12021066,,[],
http://www.dianping.com/shop/99322611,,[],
http://www.dianping.com/shop/73066087,,[],
http://www.dianping.com/shop/73055644,,[],
http://www.dianping.com/shop/125142230,,[],
http://www.dianping.com/shop/49034499,,[],
http://www.dianping.com/shop/81065134,,[],
http://www.dianping.com/shop/49311145,,[],
http://www.dianping.com/shop/76936360,,[],
http://www.dianping.com/shop/73523364,,[],
http://www.dianping.com/shop/79231938,,[],
http://www.dianping.com/shop/79075450,,[],
http://www.dianping.com/shop/73111938,,[],
http://www.dianping.com/shop/82843506,,[],
http://www.dianping.com/shop/13092789,,[],
http://www.dianping.com/shop/79231775,,[],
http://www.dianping.com/shop/82792158,,[],
http://www.dianping.com/shop/80646207,,[],
http://www.dianping.com/shop/49057121,,[],
http://www.dianping.com/shop/81117827,,[],
http://www.dianping.com/shop/72733890,,[],
http://www.dianping.com/shop/40302920,,[],
http://www.dianping.com/shop/112293195,,[],
http://www.dianping.com/shop/112711196,,[],
http://www.dianping.com/shop/107628382,,[],
http://www.dianping.com/shop/111654118,,[],
http://www.dianping.com/shop/49674992,,[],
http://www.dianping.com/shop/132951047,,[],
http://www.dianping.com/shop/81069585,,[],
http://www.dianping.com/shop/13085974,,[],
http://www.dianping.com/shop/100268434,,[],
http://www.dianping.com/shop/49077311,,[],
http://www.dianping.com/shop/72705837,,[],
http://www.dianping.com/shop/49446966,,[],
http://www.dianping.com/shop/111702290,,[],
http://www.dianping.com/shop/14958260,,[],
http://www.dianping.com/shop/111685568,,[],
http://www.dianping.com/shop/47344249,,[],
http://www.dianping.com/shop/47506168,,[],
http://www.dianping.com/shop/48472872,,[],
http://www.dianping.com/shop/73546336,,[],
http://www.dianping.com/shop/48968173,,[],
http://www.dianping.com/shop/27389714,,[],
http://www.dianping.com/shop/22322864,,[],
http://www.dianping.com/shop/81943480,,[],
http://www.dianping.com/shop/72538100,,[],
http://www.dianping.com/shop/72725295,,[],
http://www.dianping.com/shop/80753022,,[],
http://www.dianping.com/shop/112674490,,[],
http://www.dianping.com/shop/48577625,,[],
http://www.dianping.com/shop/48242890,,[],
http://www.dianping.com/shop/10656192,,[],
http://www.dianping.com/shop/75150833,,[],
http://www.dianping.com/shop/79530994,,[],
http://www.dianping.com/shop/129374802,,[],
http://www.dianping.com/shop/80699393,,[],
http://www.dianping.com/shop/102858817,,[],
http://www.dianping.com/shop/80766010,,[],
http://www.dianping.com/shop/99629288,,[],
http://www.dianping.com/shop/129840517,,[],
http://www.dianping.com/shop/kaYBSnL40oztQ2sg,,[],
http://www.dianping.com/shop/83477453,,[],
http://www.dianping.com/shop/72829567,,[],
http://www.dianping.com/shop/81074082,,[],
http://www.dianping.com/shop/G9fZk68pcoQeC4mh,,[],
http://www.dianping.com/shop/k746ChP7RtUfmrDy,,[],
http://www.dianping.com/shop/l5Kk3WrShJLx5DnX,,[],
http://www.dianping.com/shop/128406231,,[],
http://www.dianping.com/shop/H189xa2bOVfYcnmQ,,[],
http://www.dianping.com/shop/122833491,,[],
http://www.dianping.com/shop/13391772,,[],
http://www.dianping.com/shop/k6Vn2GnV0A1DhXxt,,[],
http://www.dianping.com/shop/k1Td0zeOrIbnGs16,,[],
http://www.dianping.com/shop/k6KyNwMj3YCkDUKq,,[],
http://www.dianping.com/shop/k6pJggM6Psu4gTT6,,[],
http://www.dianping.com/shop/l3Xo0WRzdGryYU3g,,[],
http://www.dianping.com/shop/44047981,,[],
http://www.dianping.com/shop/72578145,,[],
http://www.dianping.com/shop/H3PTn3ADvfms5iad,,[],
http://www.dianping.com/shop/FCs4QCo4eIykA1a9,,[],
http://www.dianping.com/shop/81176865,,[],
http://www.dianping.com/shop/73061001,,[],
http://www.dianping.com/shop/73064385,,[],
http://www.dianping.com/shop/70254819,,[],
http://www.dianping.com/shop/72647439,,[],
http://www.dianping.com/shop/91590547,,[],
http://www.dianping.com/shop/73076983,,[],
http://www.dianping.com/shop/80879010,,[],
http://www.dianping.com/shop/50744289,,[],
http://www.dianping.com/shop/G14qgmLe0k3EPly6,,[],
http://www.dianping.com/shop/H5kXJpfAcXIpTa4o,,[],
http://www.dianping.com/shop/H5JxYtPO2NGmBNtq,,[],
http://www.dianping.com/shop/EbA2yNvv93ZdHywL,,[],
http://www.dianping.com/shop/48500109,,[],
http://www.dianping.com/shop/l3Iavhb0jVKYeqiK,,[],
http://www.dianping.com/shop/H7W9GKiws1tixqxx,,[],
http://www.dianping.com/shop/G9ohaMTi9J3o8c5D,,[],
http://www.dianping.com/shop/EGpHZ3O2PXYw25BQ,,[],
http://www.dianping.com/shop/111742310,,[],
http://www.dianping.com/shop/106690055,,[],
http://www.dianping.com/shop/47426472,,[],
http://www.dianping.com/shop/72755697,,[],
http://www.dianping.com/shop/100822324,,[],
http://www.dianping.com/shop/81102567,,[],
http://www.dianping.com/shop/13391722,,[],
http://www.dianping.com/shop/G6INuwn6Eskv42tt,,[],
http://www.dianping.com/shop/G3OUdG3vX3qMWtye,,[],
http://www.dianping.com/shop/kaXlSW1sVbozSeYX,,[],
http://www.dianping.com/shop/G5eDrEAGbA0MtXaW,,[],
http://www.dianping.com/shop/73510249,,[],
http://www.dianping.com/shop/101553107,,[],
http://www.dianping.com/shop/40700459,,[],
http://www.dianping.com/shop/80677834,,[],
http://www.dianping.com/shop/49428499,,[],
http://www.dianping.com/shop/73306311,,[],
http://www.dianping.com/shop/70084218,,[],
http://www.dianping.com/shop/13391290,,[],
http://www.dianping.com/shop/l1ll2eaY4YN308cL,,[],
http://www.dianping.com/shop/jPwrJpd6MunSSIJI,,[],
http://www.dianping.com/shop/73153510,,[],
http://www.dianping.com/shop/103049833,,[],
http://www.dianping.com/shop/48990184,,[],
http://www.dianping.com/shop/72926461,,[],
http://www.dianping.com/shop/H6PszJgsFRLHtPLH,,[],
http://www.dianping.com/shop/70214393,,[],
http://www.dianping.com/shop/81073969,,[],
http://www.dianping.com/shop/102886864,,[],
http://www.dianping.com/shop/H3udfgP0vcFCPPYu,,[],
http://www.dianping.com/shop/81101347,,[],
http://www.dianping.com/shop/72858430,,[],
http://www.dianping.com/shop/90535243,,[],
http://www.dianping.com/shop/k2lwgTCTwl97KcAR,,[],
http://www.dianping.com/shop/k9uBs68Uv17L1cPj,,[],
http://www.dianping.com/shop/73062421,,[],
http://www.dianping.com/shop/48625988,,[],
http://www.dianping.com/shop/1935694483,,[],
http://www.dianping.com/shop/100557231,,[],
http://www.dianping.com/shop/122833366,,[],
http://www.dianping.com/shop/G58YNQq7TPfEauKI,,[],
http://www.dianping.com/shop/k8MV9vYVG7vSMTwH,,[],
http://www.dianping.com/shop/G4Xl91ubjGgNtHFo,,[],
http://www.dianping.com/shop/l7tdfi9usDFLK8yA,,[],
http://www.dianping.com/shop/G6p91kvHeqntgQzc,,[],
http://www.dianping.com/shop/l8YNl33aup7fgbEI,,[],
http://www.dianping.com/shop/G46N7lO7SjVbHO02,,[],
http://www.dianping.com/shop/80798273,,[],
http://www.dianping.com/shop/81035710,,[],
http://www.dianping.com/shop/41014993,,[],
http://www.dianping.com/shop/106538656,,[],
http://www.dianping.com/shop/80698435,,[],
http://www.dianping.com/shop/13391582,,[],
http://www.dianping.com/shop/48274940,,[],
http://www.dianping.com/shop/99500461,,[],
http://www.dianping.com/shop/72570065,,[],
http://www.dianping.com/shop/73156295,,[],
http://www.dianping.com/shop/13389884,,[],
http://www.dianping.com/shop/k1OHMSwv89JpTQrF,,[],
http://www.dianping.com/shop/jKm7v9Y9VE6oQYci,,[],
http://www.dianping.com/shop/k2UwLXASjfl5Yn45,,[],
http://www.dianping.com/shop/G1kS2BfV79FTb0lx,,[],
http://www.dianping.com/shop/k3CKQisMIVCgiLJz,,[],
http://www.dianping.com/shop/FYYOGzzmhZN8EfWW,,[],
http://www.dianping.com/shop/H5MkTk4CTqS1WR7u,,[],
http://www.dianping.com/shop/H8IA9Qrd1zu45qqH,,[],
http://www.dianping.com/shop/G8pLmM9ftmR9hl84,,[],
http://www.dianping.com/shop/l1hyh0CPFMzPz1hb,,[],
http://www.dianping.com/shop/81215867,,[],
http://www.dianping.com/shop/100740042,,[],
http://www.dianping.com/shop/48856517,,[],
http://www.dianping.com/shop/73306214,,[],
http://www.dianping.com/shop/13389677,,[],
http://www.dianping.com/shop/79178780,,[],
http://www.dianping.com/shop/50745347,,[],
http://www.dianping.com/shop/49617354,,[],
http://www.dianping.com/shop/48519156,,[],
http://www.dianping.com/shop/13391899,,[],
http://www.dianping.com/shop/81077376,,[],
http://www.dianping.com/shop/79070077,,[],
http://www.dianping.com/shop/l2TtW0SQ1Qh7Uy17,,[],
http://www.dianping.com/shop/k5a50sSeMASX0Hqy,,[],
http://www.dianping.com/shop/Ga6HOFDb6W69tcXJ,,[],
http://www.dianping.com/shop/k22vQd7TLkWvCmUE,,[],
http://www.dianping.com/shop/G8CWEgZybEA25WIQ,,[],
http://www.dianping.com/shop/l2MdZqzgTtjUfIid,,[],
http://www.dianping.com/shop/k5MT56UP0qYbeaC5,,[],
http://www.dianping.com/shop/H5tVvSRr9zfuCd2e,,[],
http://www.dianping.com/shop/jwLq8MPhmw0YcE7J,,[],
http://www.dianping.com/shop/H2rh25OT6nucRa0i,,[],
http://www.dianping.com/shop/50356826,,[],
http://www.dianping.com/shop/81217770,,[],
http://www.dianping.com/shop/13392148,,[],
http://www.dianping.com/shop/127089840,,[],
http://www.dianping.com/shop/80799930,,[],
http://www.dianping.com/shop/13390653,,[],
http://www.dianping.com/shop/GaRKs9MgGdIOToou,,[],
http://www.dianping.com/shop/G46PAe4BiFsSqjbU,,[],
http://www.dianping.com/shop/k6IoSuwzTYj6En2c,,[],
http://www.dianping.com/shop/GaY1Aw2VqNmlUtKX,,[],
http://www.dianping.com/shop/H4ieEXUyZGjC3los,,[],
http://www.dianping.com/shop/G8IRQAjv4RE16hin,,[],
http://www.dianping.com/shop/H1K0WjZgn40jdYDO,,[],
http://www.dianping.com/shop/G5LneUaPGtytbIKg,,[],
http://www.dianping.com/shop/k74nSV3wzU9sIheT,,[],
http://www.dianping.com/shop/laREQM5NzmtForOI,,[],
http://www.dianping.com/shop/l3vM1re6zjVOOo1p,,[],
http://www.dianping.com/shop/106693691,,[],
http://www.dianping.com/shop/74807427,,[],
http://www.dianping.com/shop/13390702,,[],
http://www.dianping.com/shop/72756282,,[],
http://www.dianping.com/shop/73536081,,[],
http://www.dianping.com/shop/112758010,,[],
http://www.dianping.com/shop/73546459,,[],
http://www.dianping.com/shop/81043429,,[],
http://www.dianping.com/shop/78931073,,[],
http://www.dianping.com/shop/72863770,,[],
http://www.dianping.com/shop/l75SY30PO4SIH1Hv,,[],
http://www.dianping.com/shop/112862941,,[],
http://www.dianping.com/shop/112905460,,[],
http://www.dianping.com/shop/13390035,,[],
http://www.dianping.com/shop/73523491,,[],
http://www.dianping.com/shop/G9M6gQ71ujyFMyvj,,[],
http://www.dianping.com/shop/73538419,,[],
http://www.dianping.com/shop/43896846,,[],
http://www.dianping.com/shop/81079907,,[],
http://www.dianping.com/shop/k7h5OdZ7oqcRfIIk,,[],
http://www.dianping.com/shop/k4eDFJFn4RZMNYOX,,[],
http://www.dianping.com/shop/k5b8uzJK8AVae6B5,,[],
http://www.dianping.com/shop/k2eD93xgB7Lo549F,,[],
http://www.dianping.com/shop/G5Xblw53F4BsNHZG,,[],
http://www.dianping.com/shop/G8IkxsvjQyzSEQFP,,[],
http://www.dianping.com/shop/Gap96fdFzoykNjYl,,[],
http://www.dianping.com/shop/l4FMvedrCCV8FXG3,,[],
http://www.dianping.com/shop/l3zbQ0DHs5LCZ8gH,,[],
http://www.dianping.com/shop/G5m4l3U0NDmKaUMs,,[],
http://www.dianping.com/shop/H4mg2ykR8pGKP2ZN,,[],
http://www.dianping.com/shop/G67OPV3pWWTplfbB,,[],
http://www.dianping.com/shop/k5QeFb4A3eXJV1na,,[],
http://www.dianping.com/shop/57561767,,[],
http://www.dianping.com/shop/13391204,,[],
http://www.dianping.com/shop/80634441,,[],
http://www.dianping.com/shop/73096351,,[],
http://www.dianping.com/shop/73315735,,[],
http://www.dianping.com/shop/73099408,,[],
http://www.dianping.com/shop/80791621,,[],
http://www.dianping.com/shop/80758006,,[],
http://www.dianping.com/shop/13389648,,[],
http://www.dianping.com/shop/72922237,,[],
http://www.dianping.com/shop/49127902,,[],
http://www.dianping.com/shop/81144268,,[],
http://www.dianping.com/shop/111962525,,[],
http://www.dianping.com/shop/43874662,,[],
http://www.dianping.com/shop/81041163,,[],
http://www.dianping.com/shop/70116343,,[],
http://www.dianping.com/shop/k6Lk3gHizKKtZk9h,,[],
http://www.dianping.com/shop/G76Q6lzwsDkDxH3l,,[],
http://www.dianping.com/shop/l1qODeUtuUEuxhTq,,[],
http://www.dianping.com/shop/81015114,,[],
http://www.dianping.com/shop/50680431,,[],
http://www.dianping.com/shop/111963789,,[],
http://www.dianping.com/shop/73520963,,[],
http://www.dianping.com/shop/49268765,,[],
http://www.dianping.com/shop/83047686,,[],
http://www.dianping.com/shop/81091306,,[],
http://www.dianping.com/shop/l31bFh5r4GZAYkfc,,[],
http://www.dianping.com/shop/101966798,,[],
http://www.dianping.com/shop/k6ofpmm7BHp2RleC,,[],
http://www.dianping.com/shop/96151110,,[],
http://www.dianping.com/shop/127900108,,[],
http://www.dianping.com/shop/73534882,,[],
http://www.dianping.com/shop/100706892,,[],
http://www.dianping.com/shop/73087655,,[],
http://www.dianping.com/shop/13390409,,[],
http://www.dianping.com/shop/99962265,,[],
http://www.dianping.com/shop/80862047,,[],
http://www.dianping.com/shop/13390667,,[],
http://www.dianping.com/shop/80772691,,[],
http://www.dianping.com/shop/80883512,,[],
http://www.dianping.com/shop/99984441,,[],
http://www.dianping.com/shop/102935365,,[],
http://www.dianping.com/shop/13388856,,[],
http://www.dianping.com/shop/74580010,,[],
http://www.dianping.com/shop/72930937,,[],
http://www.dianping.com/shop/22953810,,[],
http://www.dianping.com/shop/22011582,,[],
http://www.dianping.com/shop/58466806,,[],
http://www.dianping.com/shop/23010638,,[],
http://www.dianping.com/shop/80799819,,[],
http://www.dianping.com/shop/15699709,,[],
http://www.dianping.com/shop/13665399,,[],
http://www.dianping.com/shop/13381738,,[],
http://www.dianping.com/shop/13378279,,[],
http://www.dianping.com/shop/40223872,,[],
http://www.dianping.com/shop/13381933,,[],
http://www.dianping.com/shop/72673547,,[],
http://www.dianping.com/shop/71732698,,[],
http://www.dianping.com/shop/72819974,,[],
http://www.dianping.com/shop/73509221,,[],
http://www.dianping.com/shop/73514786,,[],
http://www.dianping.com/shop/72570833,,[],
http://www.dianping.com/shop/13389254,,[],
http://www.dianping.com/shop/72960689,,[],
http://www.dianping.com/shop/73430411,,[],
http://www.dianping.com/shop/49371380,,[],
http://www.dianping.com/shop/40693797,,[],
http://www.dianping.com/shop/41244570,,[],
http://www.dianping.com/shop/57981470,,[],
http://www.dianping.com/shop/67462209,,[],
http://www.dianping.com/shop/72767705,,[],
http://www.dianping.com/shop/58517165,,[],
http://www.dianping.com/shop/80845605,,[],
http://www.dianping.com/shop/13380026,,[],
http://www.dianping.com/shop/105024784,,[],
http://www.dianping.com/shop/13391561,,[],
http://www.dianping.com/shop/72500960,,[],
http://www.dianping.com/shop/48510902,,[],
http://www.dianping.com/shop/56866933,,[],
http://www.dianping.com/shop/13389113,,[],
http://www.dianping.com/shop/72623438,,[],
http://www.dianping.com/shop/80946437,,[],
http://www.dianping.com/shop/13389344,,[],
http://www.dianping.com/shop/80978588,,[],
http://www.dianping.com/shop/13391213,,[],
http://www.dianping.com/shop/73085600,,[],
http://www.dianping.com/shop/96113491,,[],
http://www.dianping.com/shop/73059500,,[],
http://www.dianping.com/shop/13380735,,[],
http://www.dianping.com/shop/96251369,,[],
http://www.dianping.com/shop/104991665,,[],
http://www.dianping.com/shop/125169790,,[],
http://www.dianping.com/shop/13383766,,[],
http://www.dianping.com/shop/103349286,,[],
http://www.dianping.com/shop/81030963,,[],
http://www.dianping.com/shop/103411253,,[],
http://www.dianping.com/shop/107225005,,[],
http://www.dianping.com/shop/72849501,,[],
http://www.dianping.com/shop/100174090,,[],
http://www.dianping.com/shop/105251039,,[],
http://www.dianping.com/shop/13381831,,[],
http://www.dianping.com/shop/72790302,,[],
http://www.dianping.com/shop/83615986,,[],
http://www.dianping.com/shop/72815562,,[],
http://www.dianping.com/shop/13382476,,[],
http://www.dianping.com/shop/73533669,,[],
http://www.dianping.com/shop/79232277,,[],
http://www.dianping.com/shop/79232430,,[],
http://www.dianping.com/shop/81056932,,[],
http://www.dianping.com/shop/81225887,,[],
http://www.dianping.com/shop/130953768,,[],
http://www.dianping.com/shop/49301873,,[],
http://www.dianping.com/shop/73276721,,[],
http://www.dianping.com/shop/70249154,,[],
http://www.dianping.com/shop/95264095,,[],
http://www.dianping.com/shop/22196224,,[],
http://www.dianping.com/shop/23010846,,[],
http://www.dianping.com/shop/100475076,,[],
http://www.dianping.com/shop/73510730,,[],
http://www.dianping.com/shop/92469528,,[],
http://www.dianping.com/shop/49995814,,[],
http://www.dianping.com/shop/65659251,,[],
http://www.dianping.com/shop/92540592,,[],
http://www.dianping.com/shop/69087506,,[],
http://www.dianping.com/shop/112285233,,[],
http://www.dianping.com/shop/69087160,,[],
http://www.dianping.com/shop/H4HixD6VWgTALt39,,[],
http://www.dianping.com/shop/80753106,,[],
http://www.dianping.com/shop/103091213,,[],
http://www.dianping.com/shop/106009598,,[],
http://www.dianping.com/shop/79621942,,[],
http://www.dianping.com/shop/112885856,,[],
http://www.dianping.com/shop/13383457,,[],
http://www.dianping.com/shop/103510499,,[],
http://www.dianping.com/shop/111656459,,[],
http://www.dianping.com/shop/100562680,,[],
http://www.dianping.com/shop/103304399,,[],
http://www.dianping.com/shop/33503378,,[],
http://www.dianping.com/shop/99631547,,[],
http://www.dianping.com/shop/73353690,,[],
http://www.dianping.com/shop/G8i0bwLHuxE1THHy,,[],
http://www.dianping.com/shop/G5nS68qrw8s5XGd9,,[],
http://www.dianping.com/shop/83174539,,[],
http://www.dianping.com/shop/l4ZrLfC2bTyrwXIj,,[],
http://www.dianping.com/shop/H6DjyU271Kn1GuZT,,[],
http://www.dianping.com/shop/66594670,,[],
http://www.dianping.com/shop/13394427,,[],
http://www.dianping.com/shop/72789215,,[],
http://www.dianping.com/shop/l8t3LZYlXfT5v1Jl,,[],
http://www.dianping.com/shop/G29MGSkUP1XdG1oW,,[],
http://www.dianping.com/shop/G9pDAAelGnfwe9Dw,,[],
http://www.dianping.com/shop/k8ZTW3Mpdkpfd1i2,,[],
http://www.dianping.com/shop/k3IFpT2CcEOoBEjP,,[],
http://www.dianping.com/shop/62213670,,[],
http://www.dianping.com/shop/70292511,,[],
http://www.dianping.com/shop/76936517,,[],
http://www.dianping.com/shop/41568722,,[],
http://www.dianping.com/shop/48800117,,[],
http://www.dianping.com/shop/13394474,,[],
http://www.dianping.com/shop/48060847,,[],
http://www.dianping.com/shop/100303144,,[],
http://www.dianping.com/shop/14395881,,[],
http://www.dianping.com/shop/H7ZHfXaoWZcC1971,,[],
http://www.dianping.com/shop/13381041,,[],
http://www.dianping.com/shop/13382196,,[],
http://www.dianping.com/shop/72823201,,[],
http://www.dianping.com/shop/80788033,,[],
http://www.dianping.com/shop/102559207,,[],
http://www.dianping.com/shop/73132087,,[],
http://www.dianping.com/shop/80653942,,[],
http://www.dianping.com/shop/13383003,,[],
http://www.dianping.com/shop/103276888,,[],
http://www.dianping.com/shop/112536676,,[],
http://www.dianping.com/shop/107124242,,[],
http://www.dianping.com/shop/102422615,,[],
http://www.dianping.com/shop/73169539,,[],
http://www.dianping.com/shop/80803213,,[],
http://www.dianping.com/shop/15699708,,[],
http://www.dianping.com/shop/48590571,,[],
http://www.dianping.com/shop/73548012,,[],
http://www.dianping.com/shop/50687244,,[],
http://www.dianping.com/shop/1641949638,,[],
http://www.dianping.com/shop/73518177,,[],
http://www.dianping.com/shop/127528105,,[],
http://www.dianping.com/shop/127525261,,[],
http://www.dianping.com/shop/13394892,,[],
http://www.dianping.com/shop/13393490,,[],
http://www.dianping.com/shop/13394954,,[],
http://www.dianping.com/shop/79034151,,[],
http://www.dianping.com/shop/1396825233,,[],
http://www.dianping.com/shop/13359845,,[],
http://www.dianping.com/shop/32473359,,[],
http://www.dianping.com/shop/127232483,,[],
http://www.dianping.com/shop/13359426,,[],
http://www.dianping.com/shop/73539822,,[],
http://www.dianping.com/shop/13360061,,[],
http://www.dianping.com/shop/13359653,,[],
http://www.dianping.com/shop/72616330,,[],
http://www.dianping.com/shop/76764048,,[],
http://www.dianping.com/shop/13359796,,[],
http://www.dianping.com/shop/102701403,,[],
http://www.dianping.com/shop/13359193,,[],
http://www.dianping.com/shop/49077374,,[],
http://www.dianping.com/shop/73524079,,[],
http://www.dianping.com/shop/80767258,,[],
http://www.dianping.com/shop/99679236,,[],
http://www.dianping.com/shop/72576598,,[],
http://www.dianping.com/shop/105397932,,[],
http://www.dianping.com/shop/99824139,,[],
http://www.dianping.com/shop/81029638,,[],
http://www.dianping.com/shop/72787198,,[],
http://www.dianping.com/shop/91357441,,[],
http://www.dianping.com/shop/81045912,,[],
http://www.dianping.com/shop/72959472,,[],
http://www.dianping.com/shop/103387668,,[],
http://www.dianping.com/shop/100152135,,[],
http://www.dianping.com/shop/81117940,,[],
http://www.dianping.com/shop/13393093,,[],
http://www.dianping.com/shop/127528002,,[],
http://www.dianping.com/shop/72999398,,[],
http://www.dianping.com/shop/72764232,,[],
http://www.dianping.com/shop/127231322,,[],
http://www.dianping.com/shop/23740826,,[],
http://www.dianping.com/shop/127527790,,[],
http://www.dianping.com/shop/73030520,,[],
http://www.dianping.com/shop/1828607089,,[],
http://www.dianping.com/shop/91081004,,[],
http://www.dianping.com/shop/67973861,,[],
http://www.dianping.com/shop/91924187,,[],
http://www.dianping.com/shop/15699720,,[],
http://www.dianping.com/shop/73517246,,[],
http://www.dianping.com/shop/80776747,,[],
http://www.dianping.com/shop/72838504,,[],
http://www.dianping.com/shop/81065290,,[],
http://www.dianping.com/shop/81215388,,[],
http://www.dianping.com/shop/49230198,,[],
http://www.dianping.com/shop/75017515,,[],
http://www.dianping.com/shop/72955654,,[],
http://www.dianping.com/shop/81227852,,[],
http://www.dianping.com/shop/50110793,,[],
http://www.dianping.com/shop/49316223,,[],
http://www.dianping.com/shop/82906278,,[],
http://www.dianping.com/shop/74527647,,[],
http://www.dianping.com/shop/81150915,,[],
http://www.dianping.com/shop/99758822,,[],
http://www.dianping.com/shop/81021840,,[],
http://www.dianping.com/shop/80702544,,[],
http://www.dianping.com/shop/72590874,,[],
http://www.dianping.com/shop/72601275,,[],
http://www.dianping.com/shop/101131207,,[],
http://www.dianping.com/shop/72705603,,[],
http://www.dianping.com/shop/81046128,,[],
http://www.dianping.com/shop/73541474,,[],
http://www.dianping.com/shop/73507019,,[],
http://www.dianping.com/shop/111747937,,[],
http://www.dianping.com/shop/48812539,,[],
http://www.dianping.com/shop/13379948,,[],
http://www.dianping.com/shop/102570810,,[],
http://www.dianping.com/shop/82841087,,[],
http://www.dianping.com/shop/105798000,,[],
http://www.dianping.com/shop/77482243,,[],
http://www.dianping.com/shop/106916959,,[],
http://www.dianping.com/shop/102639438,,[],
http://www.dianping.com/shop/72725850,,[],
http://www.dianping.com/shop/13379777,,[],
http://www.dianping.com/shop/103335816,,[],
http://www.dianping.com/shop/102705270,,[],
http://www.dianping.com/shop/72578942,,[],
http://www.dianping.com/shop/103136475,,[],
http://www.dianping.com/shop/72705467,,[],
http://www.dianping.com/shop/73535904,,[],
http://www.dianping.com/shop/80766465,,[],
http://www.dianping.com/shop/73020123,,[],
http://www.dianping.com/shop/80699424,,[],
http://www.dianping.com/shop/73380180,,[],
http://www.dianping.com/shop/13392499,,[],
http://www.dianping.com/shop/13393531,,[],
http://www.dianping.com/shop/72784020,,[],
http://www.dianping.com/shop/73277778,,[],
http://www.dianping.com/shop/130183682,,[],
http://www.dianping.com/shop/73537788,,[],
http://www.dianping.com/shop/73372392,,[],
http://www.dianping.com/shop/102843035,,[],
http://www.dianping.com/shop/102847934,,[],
http://www.dianping.com/shop/102882349,,[],
http://www.dianping.com/shop/81091119,,[],
http://www.dianping.com/shop/82995009,,[],
http://www.dianping.com/shop/100935808,,[],
http://www.dianping.com/shop/4565624,,[],
http://www.dianping.com/shop/80830380,,[],
http://www.dianping.com/shop/72840492,,[],
http://www.dianping.com/shop/82806651,,[],
http://www.dianping.com/shop/49046883,,[],
http://www.dianping.com/shop/13359289,,[],
http://www.dianping.com/shop/78930478,,[],
http://www.dianping.com/shop/80919414,,[],
http://www.dianping.com/shop/103312718,,[],
http://www.dianping.com/shop/13392082,,[],
http://www.dianping.com/shop/72656811,,[],
http://www.dianping.com/shop/73284606,,[],
http://www.dianping.com/shop/81739040,,[],
http://www.dianping.com/shop/105037594,,[],
http://www.dianping.com/shop/103398510,,[],
http://www.dianping.com/shop/72938526,,[],
http://www.dianping.com/shop/70254925,,[],
http://www.dianping.com/shop/81182820,,[],
http://www.dianping.com/shop/13392952,,[],
http://www.dianping.com/shop/103399247,,[],
http://www.dianping.com/shop/99538286,,[],
http://www.dianping.com/shop/13383662,,[],
http://www.dianping.com/shop/105139815,,[],
http://www.dianping.com/shop/73014499,,[],
http://www.dianping.com/shop/79043738,,[],
http://www.dianping.com/shop/73009963,,[],
http://www.dianping.com/shop/49310815,,[],
http://www.dianping.com/shop/73218781,,[],
http://www.dianping.com/shop/83223708,,[],
http://www.dianping.com/shop/121817988,,[],
http://www.dianping.com/shop/81178705,,[],
http://www.dianping.com/shop/126461560,,[],
http://www.dianping.com/shop/82835845,,[],
http://www.dianping.com/shop/13359099,,[],
http://www.dianping.com/shop/13360356,,[],
http://www.dianping.com/shop/73171660,,[],
http://www.dianping.com/shop/99984378,,[],
http://www.dianping.com/shop/102641631,,[],
http://www.dianping.com/shop/73543393,,[],
http://www.dianping.com/shop/80690611,,[],
http://www.dianping.com/shop/73034185,,[],
http://www.dianping.com/shop/70297802,,[],
http://www.dianping.com/shop/106853781,,[],
http://www.dianping.com/shop/72807094,,[],
http://www.dianping.com/shop/81088189,,[],
http://www.dianping.com/shop/108627102,,[],
http://www.dianping.com/shop/81128559,,[],
http://www.dianping.com/shop/112814873,,[],
http://www.dianping.com/shop/95330650,,[],
http://www.dianping.com/shop/79068997,,[],
http://www.dianping.com/shop/73234251,,[],
http://www.dianping.com/shop/108461940,,[],
http://www.dianping.com/shop/74417019,,[],
http://www.dianping.com/shop/81032694,,[],
http://www.dianping.com/shop/73172667,,[],
http://www.dianping.com/shop/105248504,,[],
http://www.dianping.com/shop/73047963,,[],
http://www.dianping.com/shop/73277944,,[],
http://www.dianping.com/shop/83050812,,[],
http://www.dianping.com/shop/80946019,,[],
http://www.dianping.com/shop/107324259,,[],
http://www.dianping.com/shop/102954441,,[],
http://www.dianping.com/shop/81204104,,[],
http://www.dianping.com/shop/73541410,,[],
http://www.dianping.com/shop/82866382,,[],
http://www.dianping.com/shop/80902909,,[],
http://www.dianping.com/shop/81017215,,[],
http://www.dianping.com/shop/49353676,,[],
http://www.dianping.com/shop/72818674,,[],
http://www.dianping.com/shop/13359281,,[],
http://www.dianping.com/shop/73537229,,[],
http://www.dianping.com/shop/103417677,,[],
http://www.dianping.com/shop/100618771,,[],
http://www.dianping.com/shop/103326754,,[],
http://www.dianping.com/shop/73218277,,[],
http://www.dianping.com/shop/49598404,,[],
http://www.dianping.com/shop/72755500,,[],
http://www.dianping.com/shop/49501213,,[],
http://www.dianping.com/shop/82972081,,[],
http://www.dianping.com/shop/72938851,,[],
http://www.dianping.com/shop/49013587,,[],
http://www.dianping.com/shop/72998446,,[],
http://www.dianping.com/shop/73005796,,[],
http://www.dianping.com/shop/72782524,,[],
http://www.dianping.com/shop/70683551,,[],
http://www.dianping.com/shop/72644800,,[],
http://www.dianping.com/shop/81204766,,[],
http://www.dianping.com/shop/13360319,,[],
http://www.dianping.com/shop/112634062,,[],
http://www.dianping.com/shop/80749689,,[],
http://www.dianping.com/shop/81076692,,[],
http://www.dianping.com/shop/48578050,,[],
http://www.dianping.com/shop/130083767,,[],
http://www.dianping.com/shop/49259755,,[],
http://www.dianping.com/shop/73544476,,[],
http://www.dianping.com/shop/81103858,,[],
http://www.dianping.com/shop/107008958,,[],
http://www.dianping.com/shop/81177361,,[],
http://www.dianping.com/shop/72758843,,[],
http://www.dianping.com/shop/100678424,,[],
http://www.dianping.com/shop/13378341,,[],
http://www.dianping.com/shop/107174381,,[],
http://www.dianping.com/shop/107546210,,[],
http://www.dianping.com/shop/72703003,,[],
http://www.dianping.com/shop/72878615,,[],
http://www.dianping.com/shop/45581953,,[],
http://www.dianping.com/shop/80848967,,[],
http://www.dianping.com/shop/74391833,,[],
http://www.dianping.com/shop/81106433,,[],
http://www.dianping.com/shop/81036062,,[],
http://www.dianping.com/shop/73543376,,[],
http://www.dianping.com/shop/72894200,,[],
http://www.dianping.com/shop/80790422,,[],
http://www.dianping.com/shop/102617304,,[],
http://www.dianping.com/shop/102840663,,[],
http://www.dianping.com/shop/81251687,,[],
http://www.dianping.com/shop/48720902,,[],
http://www.dianping.com/shop/73540025,,[],
http://www.dianping.com/shop/72976285,,[],
http://www.dianping.com/shop/102457623,,[],
http://www.dianping.com/shop/126761849,,[],
http://www.dianping.com/shop/73225601,,[],
http://www.dianping.com/shop/81184022,,[],
http://www.dianping.com/shop/103269522,,[],
http://www.dianping.com/shop/48710544,,[],
http://www.dianping.com/shop/105681265,,[],
http://www.dianping.com/shop/73518758,,[],
http://www.dianping.com/shop/106154285,,[],
http://www.dianping.com/shop/126761858,,[],
http://www.dianping.com/shop/13392389,,[],
http://www.dianping.com/shop/73191164,,[],
http://www.dianping.com/shop/13393298,,[],
http://www.dianping.com/shop/80632340,,[],
http://www.dianping.com/shop/73544490,,[],
http://www.dianping.com/shop/110635575,,[],
http://www.dianping.com/shop/72620753,,[],
http://www.dianping.com/shop/13393829,,[],
http://www.dianping.com/shop/83028203,,[],
http://www.dianping.com/shop/130857862,,[],
http://www.dianping.com/shop/13378365,,[],
http://www.dianping.com/shop/49681097,,[],
http://www.dianping.com/shop/73218407,,[],
http://www.dianping.com/shop/129930372,,[],
http://www.dianping.com/shop/73210446,,[],
http://www.dianping.com/shop/102796772,,[],
http://www.dianping.com/shop/81096108,,[],
http://www.dianping.com/shop/72810098,,[],
http://www.dianping.com/shop/103508476,,[],
http://www.dianping.com/shop/81137849,,[],
http://www.dianping.com/shop/49117388,,[],
http://www.dianping.com/shop/13359754,,[],
http://www.dianping.com/shop/72895776,,[],
http://www.dianping.com/shop/72582054,,[],
http://www.dianping.com/shop/101513389,,[],
http://www.dianping.com/shop/82711527,,[],
http://www.dianping.com/shop/73069026,,[],
http://www.dianping.com/shop/15699715,,[],
http://www.dianping.com/shop/102925880,,[],
http://www.dianping.com/shop/48869523,,[],
http://www.dianping.com/shop/73519446,,[],
http://www.dianping.com/shop/72807311,,[],
http://www.dianping.com/shop/72650342,,[],
http://www.dianping.com/shop/48626612,,[],
http://www.dianping.com/shop/102716802,,[],
http://www.dianping.com/shop/73184882,,[],
http://www.dianping.com/shop/13392829,,[],
http://www.dianping.com/shop/72941802,,[],
http://www.dianping.com/shop/73524912,,[],
http://www.dianping.com/shop/83152265,,[],
http://www.dianping.com/shop/80761190,,[],
http://www.dianping.com/shop/57779189,,[],
http://www.dianping.com/shop/103194630,,[],
http://www.dianping.com/shop/103466502,,[],
http://www.dianping.com/shop/73041828,,[],
http://www.dianping.com/shop/73162489,,[],
http://www.dianping.com/shop/112726003,,[],
http://www.dianping.com/shop/22727470,,[],
http://www.dianping.com/shop/73106208,,[],
http://www.dianping.com/shop/73228524,,[],
http://www.dianping.com/shop/103454666,,[],
http://www.dianping.com/shop/80828250,,[],
http://www.dianping.com/shop/80717112,,[],
http://www.dianping.com/shop/72750660,,[],
http://www.dianping.com/shop/72585240,,[],
http://www.dianping.com/shop/73542066,,[],
http://www.dianping.com/shop/72580083,,[],
http://www.dianping.com/shop/99780545,,[],
http://www.dianping.com/shop/48156818,,[],
http://www.dianping.com/shop/72946740,,[],
http://www.dianping.com/shop/80903160,,[],
http://www.dianping.com/shop/72562272,,[],
http://www.dianping.com/shop/73511640,,[],
http://www.dianping.com/shop/66594591,,[],
http://www.dianping.com/shop/22888909,,[],
http://www.dianping.com/shop/100303381,,[],
http://www.dianping.com/shop/72517731,,[],
http://www.dianping.com/shop/13359376,,[],
http://www.dianping.com/shop/72704838,,[],
http://www.dianping.com/shop/73543539,,[],
http://www.dianping.com/shop/100672465,,[],
http://www.dianping.com/shop/80788754,,[],
http://www.dianping.com/shop/74151079,,[],
http://www.dianping.com/shop/47416220,,[],
http://www.dianping.com/shop/48499411,,[],
http://www.dianping.com/shop/78929960,,[],
http://www.dianping.com/shop/103407847,,[],
http://www.dianping.com/shop/102950515,,[],
http://www.dianping.com/shop/73544387,,[],
http://www.dianping.com/shop/47393320,,[],
http://www.dianping.com/shop/80888115,,[],
http://www.dianping.com/shop/80975803,,[],
http://www.dianping.com/shop/73525719,,[],
http://www.dianping.com/shop/80835609,,[],
http://www.dianping.com/shop/73540414,,[],
http://www.dianping.com/shop/72831680,,[],
http://www.dianping.com/shop/100881491,,[],
http://www.dianping.com/shop/80875486,,[],
http://www.dianping.com/shop/100632437,,[],
http://www.dianping.com/shop/92786730,,[],
http://www.dianping.com/shop/81201046,,[],
http://www.dianping.com/shop/81251791,,[],
http://www.dianping.com/shop/73149352,,[],
http://www.dianping.com/shop/80865007,,[],
http://www.dianping.com/shop/72896149,,[],
http://www.dianping.com/shop/66597595,,[],
http://www.dianping.com/shop/72814075,,[],
http://www.dianping.com/shop/13378982,,[],
http://www.dianping.com/shop/80789175,,[],
http://www.dianping.com/shop/70262886,,[],
http://www.dianping.com/shop/73161665,,[],
http://www.dianping.com/shop/80846489,,[],
http://www.dianping.com/shop/83559674,,[],
http://www.dianping.com/shop/72566153,,[],
http://www.dianping.com/shop/100445106,,[],
http://www.dianping.com/shop/13383335,,[],
http://www.dianping.com/shop/72682127,,[],
http://www.dianping.com/shop/72664466,,[],
http://www.dianping.com/shop/70239817,,[],
http://www.dianping.com/shop/80969332,,[],
http://www.dianping.com/shop/13394293,,[],
http://www.dianping.com/shop/15699712,,[],
http://www.dianping.com/shop/109307364,,[],
http://www.dianping.com/shop/14395878,,[],
http://www.dianping.com/shop/48593671,,[],
http://www.dianping.com/shop/48708064,,[],
http://www.dianping.com/shop/107160592,,[],
http://www.dianping.com/shop/73203205,,[],
http://www.dianping.com/shop/102714148,,[],
http://www.dianping.com/shop/13359825,,[],
http://www.dianping.com/shop/13359711,,[],
http://www.dianping.com/shop/80941981,,[],
http://www.dianping.com/shop/73131283,,[],
http://www.dianping.com/shop/72578203,,[],
http://www.dianping.com/shop/83405562,,[],
http://www.dianping.com/shop/102857979,,[],
http://www.dianping.com/shop/32473436,,[],
http://www.dianping.com/shop/73873189,,[],
http://www.dianping.com/shop/74807620,,[],
http://www.dianping.com/shop/106702663,,[],
http://www.dianping.com/shop/100446104,,[],
http://www.dianping.com/shop/121849098,,[],
http://www.dianping.com/shop/102882010,,[],
http://www.dianping.com/shop/108792575,,[],
http://www.dianping.com/shop/73128937,,[],
http://www.dianping.com/shop/81115714,,[],
http://www.dianping.com/shop/73520083,,[],
http://www.dianping.com/shop/102816726,,[],
http://www.dianping.com/shop/49091273,,[],
http://www.dianping.com/shop/103317607,,[],
http://www.dianping.com/shop/111618994,,[],
http://www.dianping.com/shop/81222115,,[],
http://www.dianping.com/shop/105584847,,[],
http://www.dianping.com/shop/73197070,,[],
http://www.dianping.com/shop/81258523,,[],
http://www.dianping.com/shop/73263883,,[],
http://www.dianping.com/shop/125897053,,[],
http://www.dianping.com/shop/83106227,,[],
http://www.dianping.com/shop/72568444,,[],
http://www.dianping.com/shop/106652113,,[],
http://www.dianping.com/shop/72658889,,[],
http://www.dianping.com/shop/554610777,,[],
http://www.dianping.com/shop/106297843,,[],
http://www.dianping.com/shop/103399332,,[],
http://www.dianping.com/shop/107270474,,[],
http://www.dianping.com/shop/80890708,,[],
http://www.dianping.com/shop/125762669,,[],
http://www.dianping.com/shop/1135188520,,[],
http://www.dianping.com/shop/73518761,,[],
http://www.dianping.com/shop/72759223,,[],
http://www.dianping.com/shop/104933713,,[],
http://www.dianping.com/shop/80809526,,[],
http://www.dianping.com/shop/14395987,,[],
http://www.dianping.com/shop/72760162,,[],
http://www.dianping.com/shop/96204432,,[],
http://www.dianping.com/shop/130733673,,[],
http://www.dianping.com/shop/80824430,,[],
http://www.dianping.com/shop/1584959735,,[],
http://www.dianping.com/shop/73227704,,[],
http://www.dianping.com/shop/13359553,,[],
http://www.dianping.com/shop/13358682,,[],
http://www.dianping.com/shop/72724076,,[],
http://www.dianping.com/shop/73184510,,[],
http://www.dianping.com/shop/13360118,,[],
http://www.dianping.com/shop/72505091,,[],
http://www.dianping.com/shop/73133297,,[],
http://www.dianping.com/shop/111747576,,[],
http://www.dianping.com/shop/80893058,,[],
http://www.dianping.com/shop/100332624,,[],
http://www.dianping.com/shop/108637774,,[],
http://www.dianping.com/shop/81020741,,[],
http://www.dianping.com/shop/81004574,,[],
http://www.dianping.com/shop/81122078,,[],
http://www.dianping.com/shop/100774011,,[],
http://www.dianping.com/shop/108410764,,[],
http://www.dianping.com/shop/13393259,,[],
http://www.dianping.com/shop/105350755,,[],
http://www.dianping.com/shop/126087092,,[],
http://www.dianping.com/shop/73548293,,[],
http://www.dianping.com/shop/73538726,,[],
http://www.dianping.com/shop/107670343,,[],
http://www.dianping.com/shop/123699982,,[],
http://www.dianping.com/shop/62834893,,[],
http://www.dianping.com/shop/71726983,,[],
http://www.dianping.com/shop/105106279,,[],
http://www.dianping.com/shop/80708996,,[],
http://www.dianping.com/shop/83400749,,[],
http://www.dianping.com/shop/74794682,,[],
http://www.dianping.com/shop/72547712,,[],
http://www.dianping.com/shop/73517507,,[],
http://www.dianping.com/shop/73049792,,[],
http://www.dianping.com/shop/103507747,,[],
http://www.dianping.com/shop/74805321,,[],
http://www.dianping.com/shop/70298103,,[],
http://www.dianping.com/shop/77541172,,[],
http://www.dianping.com/shop/111628062,,[],
http://www.dianping.com/shop/1557921715,,[],
http://www.dianping.com/shop/45608943,,[],
http://www.dianping.com/shop/103175359,,[],
http://www.dianping.com/shop/83150789,,[],
http://www.dianping.com/shop/80663507,,[],
http://www.dianping.com/shop/72654885,,[],
http://www.dianping.com/shop/13361413,,[],
http://www.dianping.com/shop/80974144,,[],
http://www.dianping.com/shop/49027440,,[],
http://www.dianping.com/shop/73374167,,[],
http://www.dianping.com/shop/100635699,,[],
http://www.dianping.com/shop/99999013,,[],
http://www.dianping.com/shop/82825961,,[],
http://www.dianping.com/shop/91598137,,[],
http://www.dianping.com/shop/91596491,,[],
http://www.dianping.com/shop/82835958,,[],
http://www.dianping.com/shop/100536064,,[],
http://www.dianping.com/shop/18480744,,[],
http://www.dianping.com/shop/103145000,,[],
http://www.dianping.com/shop/91598035,,[],
http://www.dianping.com/shop/83430298,,[],
http://www.dianping.com/shop/71727517,,[],
http://www.dianping.com/shop/81183761,,[],
http://www.dianping.com/shop/73367992,,[],
http://www.dianping.com/shop/80675861,,[],
http://www.dianping.com/shop/80764994,,[],
http://www.dianping.com/shop/102323676,,[],
http://www.dianping.com/shop/100727458,,[],
http://www.dianping.com/shop/79232142,,[],
http://www.dianping.com/shop/73522358,,[],
http://www.dianping.com/shop/120036525,,[],
http://www.dianping.com/shop/1963919918,,[],
http://www.dianping.com/shop/128090390,,[],
http://www.dianping.com/shop/81181954,,[],
http://www.dianping.com/shop/22321081,,[],
http://www.dianping.com/shop/101967262,,[],
http://www.dianping.com/shop/101967886,,[],
http://www.dianping.com/shop/130689845,,[],
http://www.dianping.com/shop/1154806172,,[],
http://www.dianping.com/shop/72429641,,[],
http://www.dianping.com/shop/99381077,,[],
http://www.dianping.com/shop/83074803,,[],
http://www.dianping.com/shop/72357093,,[],
http://www.dianping.com/shop/13355796,,[],
http://www.dianping.com/shop/81254045,,[],
http://www.dianping.com/shop/58349741,,[],
http://www.dianping.com/shop/80838968,,[],
http://www.dianping.com/shop/95854109,,[],
http://www.dianping.com/shop/130805821,,[],
http://www.dianping.com/shop/101983290,,[],
http://www.dianping.com/shop/131729080,,[],
http://www.dianping.com/shop/20719784,,[],
http://www.dianping.com/shop/102709266,,[],
http://www.dianping.com/shop/79689282,,[],
http://www.dianping.com/shop/49488391,,[],
http://www.dianping.com/shop/101753360,,[],
http://www.dianping.com/shop/73545975,,[],
http://www.dianping.com/shop/83085517,,[],
http://www.dianping.com/shop/80841458,,[],
http://www.dianping.com/shop/82739252,,[],
http://www.dianping.com/shop/81865268,,[],
http://www.dianping.com/shop/92409239,,[],
http://www.dianping.com/shop/100318070,,[],
http://www.dianping.com/shop/132062599,,[],
http://www.dianping.com/shop/13356281,,[],
http://www.dianping.com/shop/13355344,,[],
http://www.dianping.com/shop/1656216766,,[],
http://www.dianping.com/shop/73133577,,[],
http://www.dianping.com/shop/101967541,,[],
http://www.dianping.com/shop/70372744,,[],
http://www.dianping.com/shop/79198280,,[],
http://www.dianping.com/shop/78029432,,[],
http://www.dianping.com/shop/83380284,,[],
http://www.dianping.com/shop/77491182,,[],
http://www.dianping.com/shop/100461446,,[],
http://www.dianping.com/shop/79620988,,[],
http://www.dianping.com/shop/77556538,,[],
http://www.dianping.com/shop/92508745,,[],
http://www.dianping.com/shop/101967917,,[],
http://www.dianping.com/shop/1183255977,,[],
http://www.dianping.com/shop/14958093,,[],
http://www.dianping.com/shop/80636138,,[],
http://www.dianping.com/shop/73557937,,[],
http://www.dianping.com/shop/22321521,,[],
http://www.dianping.com/shop/72621702,,[],
http://www.dianping.com/shop/17443730,,[],
http://www.dianping.com/shop/83300518,,[],
http://www.dianping.com/shop/102841044,,[],
http://www.dianping.com/shop/17875572,,[],
http://www.dianping.com/shop/81146618,,[],
http://www.dianping.com/shop/72803830,,[],
http://www.dianping.com/shop/110455046,,[],
http://www.dianping.com/shop/128927071,,[],
http://www.dianping.com/shop/66363619,,[],
http://www.dianping.com/shop/22011578,,[],
http://www.dianping.com/shop/91596682,,[],
http://www.dianping.com/shop/77482125,,[],
http://www.dianping.com/shop/79232113,,[],
http://www.dianping.com/shop/23010635,,[],
http://www.dianping.com/shop/100554286,,[],
http://www.dianping.com/shop/13356010,,[],
http://www.dianping.com/shop/72414629,,[],
http://www.dianping.com/shop/13341291,,[],
http://www.dianping.com/shop/47402753,,[],
http://www.dianping.com/shop/32474518,,[],
http://www.dianping.com/shop/73557887,,[],
http://www.dianping.com/shop/58517152,,[],
http://www.dianping.com/shop/18708676,,[],
http://www.dianping.com/shop/13340968,,[],
http://www.dianping.com/shop/111666208,,[],
http://www.dianping.com/shop/104917045,,[],
http://www.dianping.com/shop/83009026,,[],
http://www.dianping.com/shop/128898356,,[],
http://www.dianping.com/shop/1887603609,,[],
http://www.dianping.com/shop/74721573,,[],
http://www.dianping.com/shop/81129977,,[],
http://www.dianping.com/shop/73520171,,[],
http://www.dianping.com/shop/13339591,,[],
http://www.dianping.com/shop/13340323,,[],
http://www.dianping.com/shop/13339355,,[],
http://www.dianping.com/shop/130403249,,[],
http://www.dianping.com/shop/132820725,,[],
http://www.dianping.com/shop/13339804,,[],
http://www.dianping.com/shop/14941261,,[],
http://www.dianping.com/shop/13340254,,[],
http://www.dianping.com/shop/14958121,,[],
http://www.dianping.com/shop/94311625,,[],
http://www.dianping.com/shop/21310972,,[],
http://www.dianping.com/shop/13700733,,[],
http://www.dianping.com/shop/58781244,,[],
http://www.dianping.com/shop/49537921,,[],
http://www.dianping.com/shop/13352936,,[],
http://www.dianping.com/shop/72957767,,[],
http://www.dianping.com/shop/58553915,,[],
http://www.dianping.com/shop/48504105,,[],
http://www.dianping.com/shop/5103383,,[],
http://www.dianping.com/shop/122662579,,[],
http://www.dianping.com/shop/49877017,,[],
http://www.dianping.com/shop/99785383,,[],
http://www.dianping.com/shop/13378059,,[],
http://www.dianping.com/shop/100955872,,[],
http://www.dianping.com/shop/58680815,,[],
http://www.dianping.com/shop/19699122,,[],
http://www.dianping.com/shop/23011090,,[],
http://www.dianping.com/shop/10022343,,[],
http://www.dianping.com/shop/73080091,,[],
http://www.dianping.com/shop/82754715,,[],
http://www.dianping.com/shop/80880497,,[],
http://www.dianping.com/shop/83151271,,[],
http://www.dianping.com/shop/67730177,,[],
http://www.dianping.com/shop/101210744,,[],
http://www.dianping.com/shop/111963539,,[],
http://www.dianping.com/shop/73535898,,[],
http://www.dianping.com/shop/111960756,,[],
http://www.dianping.com/shop/102783872,,[],
http://www.dianping.com/shop/73513351,,[],
http://www.dianping.com/shop/111963863,,[],
http://www.dianping.com/shop/48961556,,[],
http://www.dianping.com/shop/98038037,,[],
http://www.dianping.com/shop/58517155,,[],
http://www.dianping.com/shop/10022461,,[],
http://www.dianping.com/shop/66911956,,[],
http://www.dianping.com/shop/1269076705,,[],
http://www.dianping.com/shop/1019120686,,[],
http://www.dianping.com/shop/77491122,,[],
http://www.dianping.com/shop/1436389886,,[],
http://www.dianping.com/shop/667362744,,[],
http://www.dianping.com/shop/2351830,,[],
http://www.dianping.com/shop/132150885,,[],
http://www.dianping.com/shop/81242408,,[],
http://www.dianping.com/shop/80802376,,[],
http://www.dianping.com/shop/17443727,,[],
http://www.dianping.com/shop/81038923,,[],
http://www.dianping.com/shop/47505037,,[],
http://www.dianping.com/shop/80855455,,[],
http://www.dianping.com/shop/13383626,,[],
http://www.dianping.com/shop/72771798,,[],
http://www.dianping.com/shop/103252403,,[],
http://www.dianping.com/shop/102789513,,[],
http://www.dianping.com/shop/81190384,,[],
http://www.dianping.com/shop/124612677,,[],
http://www.dianping.com/shop/74755026,,[],
http://www.dianping.com/shop/74882221,,[],
http://www.dianping.com/shop/112089298,,[],
http://www.dianping.com/shop/125135100,,[],
http://www.dianping.com/shop/41510306,,[],
http://www.dianping.com/shop/80720213,,[],
http://www.dianping.com/shop/72425578,,[],
http://www.dianping.com/shop/96050287,,[],
http://www.dianping.com/shop/73090173,,[],
http://www.dianping.com/shop/76764613,,[],
http://www.dianping.com/shop/13376284,,[],
http://www.dianping.com/shop/125216166,,[],
http://www.dianping.com/shop/14395954,,[],
http://www.dianping.com/shop/83358370,,[],
http://www.dianping.com/shop/1498367181,,[],
http://www.dianping.com/shop/126311228,,[],
http://www.dianping.com/shop/73514880,,[],
http://www.dianping.com/shop/80792172,,[],
http://www.dianping.com/shop/131049299,,[],
http://www.dianping.com/shop/1141211179,,[],
http://www.dianping.com/shop/83297396,,[],
http://www.dianping.com/shop/68935400,,[],
http://www.dianping.com/shop/79232276,,[],
http://www.dianping.com/shop/101966121,,[],
http://www.dianping.com/shop/67841915,,[],
http://www.dianping.com/shop/127749178,,[],
http://www.dianping.com/shop/66495664,,[],
http://www.dianping.com/shop/81049288,,[],
http://www.dianping.com/shop/81135711,,[],
http://www.dianping.com/shop/39883529,,[],
http://www.dianping.com/shop/91596547,,[],
http://www.dianping.com/shop/80882682,,[],
http://www.dianping.com/shop/82783311,,[],
http://www.dianping.com/shop/101845464,,[],
http://www.dianping.com/shop/70271101,,[],
http://www.dianping.com/shop/100281847,,[],
http://www.dianping.com/shop/72596486,,[],
http://www.dianping.com/shop/73105838,,[],
http://www.dianping.com/shop/72787503,,[],
http://www.dianping.com/shop/1291093896,,[],
http://www.dianping.com/shop/1239492692,,[],
http://www.dianping.com/shop/757898352,,[],
http://www.dianping.com/shop/103335962,,[],
http://www.dianping.com/shop/128015779,,[],
http://www.dianping.com/shop/13376668,,[],
http://www.dianping.com/shop/127923897,,[],
http://www.dianping.com/shop/13358453,,[],
http://www.dianping.com/shop/13379566,,[],
http://www.dianping.com/shop/121872113,,[],
http://www.dianping.com/shop/71738028,,[],
http://www.dianping.com/shop/80634249,,[],
http://www.dianping.com/shop/665296543,,[],
http://www.dianping.com/shop/80637381,,[],
http://www.dianping.com/shop/73546689,,[],
http://www.dianping.com/shop/72898708,,[],
http://www.dianping.com/shop/114793259,,[],
http://www.dianping.com/shop/73228333,,[],
http://www.dianping.com/shop/70147812,,[],
http://www.dianping.com/shop/103187452,,[],
http://www.dianping.com/shop/81065524,,[],
http://www.dianping.com/shop/82886031,,[],
http://www.dianping.com/shop/1183484774,,[],
http://www.dianping.com/shop/83616096,,[],
http://www.dianping.com/shop/114793337,,[],
http://www.dianping.com/shop/81016068,,[],
http://www.dianping.com/shop/97938761,,[],
http://www.dianping.com/shop/75117955,,[],
http://www.dianping.com/shop/79164340,,[],
http://www.dianping.com/shop/101443096,,[],
http://www.dianping.com/shop/101966487,,[],
http://www.dianping.com/shop/101847906,,[],
http://www.dianping.com/shop/101967656,,[],
http://www.dianping.com/shop/82800247,,[],
http://www.dianping.com/shop/69875840,,[],
http://www.dianping.com/shop/80830409,,[],
http://www.dianping.com/shop/101964860,,[],
http://www.dianping.com/shop/91237902,,[],
http://www.dianping.com/shop/13375998,,[],
http://www.dianping.com/shop/131434649,,[],
http://www.dianping.com/shop/124311887,,[],
http://www.dianping.com/shop/127615711,,[],
http://www.dianping.com/shop/626188684,,[],
http://www.dianping.com/shop/81224122,,[],
http://www.dianping.com/shop/83122739,,[],
http://www.dianping.com/shop/9964850,,[],
http://www.dianping.com/shop/82849306,,[],
http://www.dianping.com/shop/13358136,,[],
http://www.dianping.com/shop/13358202,,[],
http://www.dianping.com/shop/70360775,,[],
http://www.dianping.com/shop/13356911,,[],
