深圳市阿凡隆商贸有限...,客服电话:13243774203,https://zc.suning.com/project/detail.htm?projectId=23680
苏宁国际,客服电话:66996699,https://zc.suning.com/project/detail.htm?projectId=23670
广东圣路商贸有限公司,客服电话:4008278611,https://zc.suning.com/project/detail.htm?projectId=23686
襄阳香村时代农业有限...,客服电话:15381573263,https://zc.suning.com/project/detail.htm?projectId=23692
深圳市心之力照明有限...,客服电话:16675350231,https://zc.suning.com/project/detail.htm?projectId=23681
苏州良知出手网络科技...,客服电话:4008280212,https://zc.suning.com/project/detail.htm?projectId=19261
上海古鲁贸易有限公司,客服电话:02156297668,https://zc.suning.com/project/detail.htm?projectId=19480
珠海大犀科技有限公司,客服电话:021-62240012,https://zc.suning.com/project/detail.htm?projectId=20302
深圳市清心雅韵珠宝有...,客服电话:076982613574,https://zc.suning.com/project/detail.htm?projectId=22883
南京轩之龙网络科技有...,客服电话:18325521600,https://zc.suning.com/project/detail.htm?projectId=19624
南京六朝智能科技有限...,客服电话:02584818508,https://zc.suning.com/project/detail.htm?projectId=20564
青岛凌美家居用品有限...,客服电话:13795423782,https://zc.suning.com/project/detail.htm?projectId=21964
江苏苏宁易购电子商务...,客服电话:025-66996699,https://zc.suning.com/project/detail.htm?projectId=23668
福州丁酉光年信息技术...,客服电话:18046038396,https://zc.suning.com/project/detail.htm?projectId=17715
上海牛班有书文化科技...,客服电话:13564027327,https://zc.suning.com/project/detail.htm?projectId=23685
南京苏宁易购电子商务...,客服电话:02566996699,https://zc.suning.com/project/detail.htm?projectId=23689
天津益诚葫芦科技发展...,客服电话:13352010792,https://zc.suning.com/project/detail.htm?projectId=23690
南京苏宁易购电子商务...,客服电话:02566996699,https://zc.suning.com/project/detail.htm?projectId=23695
南京子川仪器设备有限...,客服电话:13770309407,https://zc.suning.com/project/detail.htm?projectId=23711
南京轩之龙网络科技有...,客服电话:18755551127,https://zc.suning.com/project/detail.htm?projectId=19305
友崎电器（上海）有限...,客服电话:02157609769,https://zc.suning.com/project/detail.htm?projectId=19080
广州启麟智能科技有限...,客服电话:0755-26904734,https://zc.suning.com/project/detail.htm?projectId=14142
余姚市美士杰电器有限...,客服电话:0574-62178908,https://zc.suning.com/project/detail.htm?projectId=23485
陕西迦南生物科技有限...,客服电话:18617193699,https://zc.suning.com/project/detail.htm?projectId=23443
深圳圣大恒维科技有限...,客服电话:13502444270,https://zc.suning.com/project/detail.htm?projectId=23442
深圳市柳丰生物科技有...,客服电话:13502444270,https://zc.suning.com/project/detail.htm?projectId=22767
慈溪市卓航电器有限公司,客服电话:4008168893,https://zc.suning.com/project/detail.htm?projectId=22727
宁夏玛莎食品有限公司,客服电话:13797828081,https://zc.suning.com/project/detail.htm?projectId=22807
东莞市挺资电子有限公司,客服电话:0769-82051701,https://zc.suning.com/project/detail.htm?projectId=23436
南京亮易电子科技有限...,客服电话:18951907921,https://zc.suning.com/project/detail.htm?projectId=22347
苏宁极物男式超轻防滑...,客服电话:400365365,https://zc.suning.com/project/detail.htm?projectId=22626
武汉市康美副食品有限...,客服电话:027-50240796,https://zc.suning.com/project/detail.htm?projectId=21386
青岛青科芹健康食品有...,客服电话:16605180788,https://zc.suning.com/project/detail.htm?projectId=21168
贵州福康环境治理有限...,客服电话:0731-82563677,https://zc.suning.com/project/detail.htm?projectId=21350
南京白下苏宁云商商贸...,客服电话:4008365365,https://zc.suning.com/project/detail.htm?projectId=20932
安徽神州买卖提电子商...,客服电话:18984940787,https://zc.suning.com/project/detail.htm?projectId=20453
陕西医药控股集团实业...,客服电话:15750552209,https://zc.suning.com/project/detail.htm?projectId=20509
乌兰察布市集宁纳尔松...,客服电话:15047860294,https://zc.suning.com/project/detail.htm?projectId=20408
温州康晶光学有限公司,客服电话:13868496935,https://zc.suning.com/project/detail.htm?projectId=19876
九六零（北京）科技有...,客服电话:4008 567 960,https://zc.suning.com/project/detail.htm?projectId=13392
新大洲本田摩托有限公司,客服电话:4008201166,https://zc.suning.com/project/detail.htm?projectId=13624
湖南茗膜生物研发科技...,客服电话:15388921851,https://zc.suning.com/project/detail.htm?projectId=20107
浙江科魁网络科技有限...,客服电话:15205819560,https://zc.suning.com/project/detail.htm?projectId=13804
北京歧山科技发展有限...,客服电话:010-51189424,https://zc.suning.com/project/detail.htm?projectId=17735
赣州有爱有家装饰设计...,客服电话:18903059018,https://zc.suning.com/project/detail.htm?projectId=16269
天津市康力健科技发展...,客服电话:4006137877,https://zc.suning.com/project/detail.htm?projectId=17330
贵州助尔舒生物科技有...,客服电话:4000857856,https://zc.suning.com/project/detail.htm?projectId=15025
苏宁国际,客服电话:66996699,https://zc.suning.com/project/detail.htm?projectId=23671
南京古方夏冰冰川水有...,客服电话:18066030392,https://zc.suning.com/project/detail.htm?projectId=18589
深圳市中泰丰科技贸易...,客服电话:18898655810,https://zc.suning.com/project/detail.htm?projectId=23347
一泰慧安（深圳）科技...,客服电话:18589097588,https://zc.suning.com/project/detail.htm?projectId=20327
北京火影电子科技有限...,客服电话:400-642-6642/010-61438385,https://zc.suning.com/project/detail.htm?projectId=15127
安徽深蓝科技有限公司,,https://zc.suning.com/project/detail.htm?projectId=6221
江苏省苏宁公益基金会,客服电话:13372001214,https://zc.suning.com/project/detail.htm?projectId=21785
安宝睡科技（深圳）有...,,https://zc.suning.com/project/detail.htm?projectId=4487
江苏四季沐歌电子商务...,,https://zc.suning.com/project/detail.htm?projectId=5670
深圳市英凌思科技有限...,,https://zc.suning.com/project/detail.htm?projectId=5579
深圳市琪树科技有限公司,,https://zc.suning.com/project/detail.htm?projectId=5850
南京苏宁易购电子商务...,客服电话:95177转6,https://zc.suning.com/project/detail.htm?projectId=18028
深圳市驰骋信息科技有...,,https://zc.suning.com/project/detail.htm?projectId=3789
杭州拓海电子有限公司,,https://zc.suning.com/project/detail.htm?projectId=7035
邦讯物联技术有限公司,,https://zc.suning.com/project/detail.htm?projectId=2944
南京苏宁易购电子商务...,客服电话:95177-6,https://zc.suning.com/project/detail.htm?projectId=21087
江苏苏宁易购电子商务...,客服电话:400-836-5365,https://zc.suning.com/project/detail.htm?projectId=15121
河南鹤泉环保科技有限...,客服电话:18638944864,https://zc.suning.com/project/detail.htm?projectId=21251
东莞飞侠智能科技股份...,客服电话:0769-28682178,https://zc.suning.com/project/detail.htm?projectId=10370
人和电子商务（上海）...,,https://zc.suning.com/project/detail.htm?projectId=8793
浙江凯驰电动科技有限...,客服电话:0576-86199588,https://zc.suning.com/project/detail.htm?projectId=11334
江苏电车之家网络科技...,,https://zc.suning.com/project/detail.htm?projectId=8405
浙江钱江摩托股份有限...,客服电话:,https://zc.suning.com/project/detail.htm?projectId=11329
(生活电器)广东凯仕...,,https://zc.suning.com/project/detail.htm?projectId=6980
深圳市星恒音科技有限...,,https://zc.suning.com/project/detail.htm?projectId=9246
广州荣天环保科技有限...,客服电话:4008-518-538,https://zc.suning.com/project/detail.htm?projectId=11762
上海骋娱传媒技术有限...,,https://zc.suning.com/project/detail.htm?projectId=9653
深圳市安达智能科技有...,,https://zc.suning.com/project/detail.htm?projectId=11163
灏在（上海）实业有限...,客服电话:4009260922,https://zc.suning.com/project/detail.htm?projectId=11635
无锡烯烯谷科技有限公司,客服电话:0510-83832788,https://zc.suning.com/project/detail.htm?projectId=11524
灏在（上海）实业有限...,客服电话:4006660111,https://zc.suning.com/project/detail.htm?projectId=12281
广东东林柏尔特环保科...,客服电话:0769-33525315,https://zc.suning.com/project/detail.htm?projectId=12625
桐乡市华伦世家服饰有...,客服电话:18905836611,https://zc.suning.com/project/detail.htm?projectId=12409
南京耐百信息科技有限...,客服电话:025-58218071,https://zc.suning.com/project/detail.htm?projectId=13268
深圳市博实永道电子商...,客服电话:0755-29193046,https://zc.suning.com/project/detail.htm?projectId=12945
苏宁阳光1+1,客服电话:,https://zc.suning.com/project/detail.htm?projectId=12963
中山索美摄影器材有限...,客服电话:15886675977,https://zc.suning.com/project/detail.htm?projectId=12869
上海舒适宝家居科技有...,客服电话:021-57595959,https://zc.suning.com/project/detail.htm?projectId=13086
金寨县合一生态农业开...,客服电话:02785506273,https://zc.suning.com/project/detail.htm?projectId=20028
泉州剧和电子科技有限...,客服电话:075521032459,https://zc.suning.com/project/detail.htm?projectId=20089
宜昌所罗门文化传播有...,客服电话:02785506273,https://zc.suning.com/project/detail.htm?projectId=20102
山西爱伊家农业种植有...,,https://zc.suning.com/project/detail.htm?projectId=7566
江苏四季沐歌电子商务...,,https://zc.suning.com/project/detail.htm?projectId=8019
江苏四季沐歌电子商务...,,https://zc.suning.com/project/detail.htm?projectId=8020
天津清科环保科技有限...,客服电话:18812576437,https://zc.suning.com/project/detail.htm?projectId=19347
源绿菁萃生物科技（大...,客服电话:18914466776,https://zc.suning.com/project/detail.htm?projectId=20076
江苏四季沐歌电子商务...,,https://zc.suning.com/project/detail.htm?projectId=8023
南京苏宁易购电子商务...,客服电话:95177转6,https://zc.suning.com/project/detail.htm?projectId=16686
安徽夏府上品健康产业...,客服电话:4001801677,https://zc.suning.com/project/detail.htm?projectId=20226
安徽医联大成医药科技...,客服电话:02785506273,https://zc.suning.com/project/detail.htm?projectId=20278
广东精讯科技股份有限...,客服电话:4008-230-133,https://zc.suning.com/project/detail.htm?projectId=12152
南京海憬云智商贸有限...,,https://zc.suning.com/project/detail.htm?projectId=47
惠州幻投科技有限公司,,https://zc.suning.com/project/detail.htm?projectId=249
黑猫科技,,https://zc.suning.com/project/detail.htm?projectId=904
江西本草天工生物技术...,客服电话:02785506273,https://zc.suning.com/project/detail.htm?projectId=20287
杭州豚鼠科技有限公司,,https://zc.suning.com/project/detail.htm?projectId=102
上海通视铭泰数码科技...,,https://zc.suning.com/project/detail.htm?projectId=263
南京苏宁易购电子商务...,客服电话:02566996699,https://zc.suning.com/project/detail.htm?projectId=19478
格兰仕集团,,https://zc.suning.com/project/detail.htm?projectId=946
陕西女娲神草农业科技...,客服电话:02785506273,https://zc.suning.com/project/detail.htm?projectId=20585
广西时光酷侣生态农业...,客服电话:13352937292,https://zc.suning.com/project/detail.htm?projectId=20958
道真自治县希奇特色食...,客服电话:13352937292,https://zc.suning.com/project/detail.htm?projectId=20989
成都好时家具有限公司,客服电话:15528226693,https://zc.suning.com/project/detail.htm?projectId=21252
湖南郡辕生物科技开发...,客服电话:0731-82563677,https://zc.suning.com/project/detail.htm?projectId=20487
内蒙古苏鲁德文创科技...,客服电话:400-000-3858,https://zc.suning.com/project/detail.htm?projectId=17469
中山市阿洛奇美第体育...,客服电话:18929975558,https://zc.suning.com/project/detail.htm?projectId=20340
东莞思梵柯消费科技有...,客服电话:400-0755-818,https://zc.suning.com/project/detail.htm?projectId=17308
苏宁云商集团股份有限...,,https://zc.suning.com/project/detail.htm?projectId=10142
北京圣宝泰科技有限公司,客服电话:02785506273,https://zc.suning.com/project/detail.htm?projectId=20202
广东顺德美家饰家居用...,客服电话:18138390435,https://zc.suning.com/project/detail.htm?projectId=14288
西安你的主意电子商务...,客服电话:029――86215869,https://zc.suning.com/project/detail.htm?projectId=13912
广州市乐华鸿盛贸易有...,客服电话:400 696 7006,https://zc.suning.com/project/detail.htm?projectId=14403
广州市乐华鸿盛贸易有...,客服电话:400 696 7006,https://zc.suning.com/project/detail.htm?projectId=14401
南京荣亨汇国际贸易有...,客服电话:13260887971,https://zc.suning.com/project/detail.htm?projectId=14309
厦门怀秀商贸有限公司,客服电话:13004870807,https://zc.suning.com/project/detail.htm?projectId=20545
深圳博景文化发展有限...,客服电话:18028766339,https://zc.suning.com/project/detail.htm?projectId=13972
湖南益百益健康产业有...,客服电话:4000863008,https://zc.suning.com/project/detail.htm?projectId=20666
深圳英利新能源有限公司,客服电话:4008480220,https://zc.suning.com/project/detail.htm?projectId=13802
厦门长辉实业有限公司,客服电话:05925785159,https://zc.suning.com/project/detail.htm?projectId=20754
重庆宗申汽车进气系统...,客服电话:400-7003-088,https://zc.suning.com/project/detail.htm?projectId=14012
深圳市百睿德科技有限...,客服电话:0755-36697660-847,https://zc.suning.com/project/detail.htm?projectId=12258
读者甘肃数码科技有限...,,https://zc.suning.com/project/detail.htm?projectId=2095
广州祺智通信科技股份...,,https://zc.suning.com/project/detail.htm?projectId=498
微小暖网络技术（北京...,,https://zc.suning.com/project/detail.htm?projectId=1189
联创网融信息科技有限...,,https://zc.suning.com/project/detail.htm?projectId=2039
重庆塞夫科技有限公司,,https://zc.suning.com/project/detail.htm?projectId=1428
深圳市亚联体育发展有...,客服电话:0755-33348531,https://zc.suning.com/project/detail.htm?projectId=14402
(生活电器)致果环境...,,https://zc.suning.com/project/detail.htm?projectId=563
辽宁乐鑫科技有限公司,,https://zc.suning.com/project/detail.htm?projectId=1553
PPTV聚力,,https://zc.suning.com/project/detail.htm?projectId=2595
江苏苏宁易购电子商务...,,https://zc.suning.com/project/detail.htm?projectId=3024
泉州迈锐宝电子商务有...,客服电话:15980906380,https://zc.suning.com/project/detail.htm?projectId=15124
深圳市索德士体育用品...,,https://zc.suning.com/project/detail.htm?projectId=2868
广西阗真电子商务有限...,客服电话:15180760522,https://zc.suning.com/project/detail.htm?projectId=14618
上海利民环保节能科技...,客服电话:021-63900080,https://zc.suning.com/project/detail.htm?projectId=14619
福建泉州思铂锐贸易有...,客服电话:13559550355,https://zc.suning.com/project/detail.htm?projectId=15068
福建泉州赫舟思贸易有...,客服电话:18906997306,https://zc.suning.com/project/detail.htm?projectId=15100
梅州市优创网络科技有...,客服电话:18813768304,https://zc.suning.com/project/detail.htm?projectId=14988
成都钰柳商贸有限公司,客服电话:02864120346,https://zc.suning.com/project/detail.htm?projectId=15050
南京步特芙网络科技有...,客服电话:025-85993975,https://zc.suning.com/project/detail.htm?projectId=14836
深圳市华瑜商贸有限公司,客服电话:18118790126,https://zc.suning.com/project/detail.htm?projectId=15053
深圳市华瑜商贸有限公司,客服电话:18118790126,https://zc.suning.com/project/detail.htm?projectId=15051
深圳市普云智能科技有...,客服电话:18026976653,https://zc.suning.com/project/detail.htm?projectId=14438
浙江大景电子科技有限...,客服电话:0578-5625639（9:00-22:00）,https://zc.suning.com/project/detail.htm?projectId=14419
南京荣亨汇国际贸易有...,客服电话:13260887971,https://zc.suning.com/project/detail.htm?projectId=14788
昆山吉世得户外用品有...,客服电话:0512-68126797,https://zc.suning.com/project/detail.htm?projectId=14510
深圳市博实永道电子商...,客服电话:0755-28855155,https://zc.suning.com/project/detail.htm?projectId=14475
武汉汇美优品科技有限...,客服电话:02787783066,https://zc.suning.com/project/detail.htm?projectId=14445
汕头市八斗智能科技有...,客服电话:4008084568,https://zc.suning.com/project/detail.htm?projectId=14392
苏州听毅华环保科技有...,客服电话:0512-66622793,https://zc.suning.com/project/detail.htm?projectId=14641
江苏悦定体育文化发展...,客服电话:4006180099,https://zc.suning.com/project/detail.htm?projectId=15176
上海托里贸易有限公司,客服电话:021-68093356,https://zc.suning.com/project/detail.htm?projectId=15105
中山市东瑞瑞美照明科...,客服电话:0750-3093869,https://zc.suning.com/project/detail.htm?projectId=15128
深圳市名灯汇照明电器...,客服电话:18022166592,https://zc.suning.com/project/detail.htm?projectId=15250
箭牌智能科技（张家港...,客服电话:400-097-1987,https://zc.suning.com/project/detail.htm?projectId=15137
武汉健行美体育运动器...,客服电话:15377068700,https://zc.suning.com/project/detail.htm?projectId=15102
广州市欧仕达贸易有限...,客服电话:17727618166,https://zc.suning.com/project/detail.htm?projectId=15142
南京成亦成新能源科技...,客服电话:15062235130,https://zc.suning.com/project/detail.htm?projectId=14889
广西阗真电子商务有限...,客服电话:13669563007,https://zc.suning.com/project/detail.htm?projectId=15205
苏宁云商集团股份有限...,客服电话:95177转6,https://zc.suning.com/project/detail.htm?projectId=15683
深圳市宏翌利科技有限...,客服电话:13510621181,https://zc.suning.com/project/detail.htm?projectId=15816
唛咪智能科技（上海）...,客服电话:0510-68555231,https://zc.suning.com/project/detail.htm?projectId=15234
深圳市宏翌利科技有限...,客服电话:0755-26508591,https://zc.suning.com/project/detail.htm?projectId=15823
广州市冠琴表业有限公司,客服电话:18927558237,https://zc.suning.com/project/detail.htm?projectId=16048
浙江省龙泉市宝剑厂有...,客服电话:4006176186,https://zc.suning.com/project/detail.htm?projectId=15308
武汉正亿乐佩电子商务...,客服电话:027-81770619,https://zc.suning.com/project/detail.htm?projectId=16301
深圳市优央服饰有限公司,客服电话:13728891410,https://zc.suning.com/project/detail.htm?projectId=15892
南京荷马漫记网络科技...,,https://zc.suning.com/project/detail.htm?projectId=2470
山东黄三角电子商务有...,,https://zc.suning.com/project/detail.htm?projectId=2892
广东大宇环保高新技术...,客服电话:400 930 8799,https://zc.suning.com/project/detail.htm?projectId=15893
深圳市安尔泰五金制品...,,https://zc.suning.com/project/detail.htm?projectId=2373
南京中科盟联信息科技...,,https://zc.suning.com/project/detail.htm?projectId=2891
北京奈思膳品科技有限...,,https://zc.suning.com/project/detail.htm?projectId=3066
苏州阳澄湖水莲花生态...,,https://zc.suning.com/project/detail.htm?projectId=2619
南京诺崇新材料科技有...,,https://zc.suning.com/project/detail.htm?projectId=3603
易佰连锁旅店有限责任...,,https://zc.suning.com/project/detail.htm?projectId=3529
苏宁阳光1+1,,https://zc.suning.com/project/detail.htm?projectId=4256
惠而浦（中国）股份有...,,https://zc.suning.com/project/detail.htm?projectId=6101
北京永新华韵文化创意...,,https://zc.suning.com/project/detail.htm?projectId=4564
时代华盛（北京）投资...,客服电话:4008080588,https://zc.suning.com/project/detail.htm?projectId=16278
晓能互联科技（深圳）...,,https://zc.suning.com/project/detail.htm?projectId=4294
福州东润建材有限公司,,https://zc.suning.com/project/detail.htm?projectId=4241
上海辉京电子商务有限...,客服电话:15214378393,https://zc.suning.com/project/detail.htm?projectId=16532
灏在（上海）实业有限...,客服电话:400-993-1155,https://zc.suning.com/project/detail.htm?projectId=16752
灏在（上海）实业有限...,客服电话:0997-7222236,https://zc.suning.com/project/detail.htm?projectId=16753
深圳市博实永道电子商...,客服电话:0755-82777226,https://zc.suning.com/project/detail.htm?projectId=16792
南京苏宁易购电子商务...,客服电话:95177转6,https://zc.suning.com/project/detail.htm?projectId=16849
北京云品筹电子商务技...,客服电话:076981505779,https://zc.suning.com/project/detail.htm?projectId=17014
北京云品筹电子商务技...,客服电话:0755-83221359,https://zc.suning.com/project/detail.htm?projectId=17017
武汉众宁电商科技有限...,客服电话:13476003157,https://zc.suning.com/project/detail.htm?projectId=17041
北京瑞华通通讯器材有...,,https://zc.suning.com/project/detail.htm?projectId=5938
深圳市酷达通讯有限公司,,https://zc.suning.com/project/detail.htm?projectId=5069
广州净氏唯致生物科技...,,https://zc.suning.com/project/detail.htm?projectId=5598
广东海信冰箱营销股份...,,https://zc.suning.com/project/detail.htm?projectId=7699
宁波惠士康健康科技有...,,https://zc.suning.com/project/detail.htm?projectId=7322
南京籽沐电子科技有限...,,https://zc.suning.com/project/detail.htm?projectId=6657
起鑫行电子商务（上海...,客服电话:021-66031599,https://zc.suning.com/project/detail.htm?projectId=13831
(冰洗)TCL家用电...,,https://zc.suning.com/project/detail.htm?projectId=7339
佛山市顺德区悍高五金...,客服电话:0757-27356016,https://zc.suning.com/project/detail.htm?projectId=13813
广州帆可点服饰有限公司,客服电话:18011829292,https://zc.suning.com/project/detail.htm?projectId=13826
广州大仟喜网络科技有...,客服电话:020-39218957,https://zc.suning.com/project/detail.htm?projectId=13824
广州京碧贸易有限公司,客服电话:13535126937,https://zc.suning.com/project/detail.htm?projectId=13773
南京华冠体育用品有限...,客服电话:02584197199,https://zc.suning.com/project/detail.htm?projectId=13959
德施曼机电（中国）有...,客服电话:400-880-1889,https://zc.suning.com/project/detail.htm?projectId=13706
贵州兴安酒业有限公司,客服电话:0731-82563677,https://zc.suning.com/project/detail.htm?projectId=20441
广州凌博服饰有限公司,客服电话:,https://zc.suning.com/project/detail.htm?projectId=13942
深圳市莱科特照明技术...,客服电话:18589097588,https://zc.suning.com/project/detail.htm?projectId=20380
广州科御节能环保科技...,客服电话:18589097588,https://zc.suning.com/project/detail.htm?projectId=20454
河南高参酒业有限公司,客服电话:02785506273,https://zc.suning.com/project/detail.htm?projectId=20465
武汉五谷天下生态农业...,客服电话:18589097588,https://zc.suning.com/project/detail.htm?projectId=20475
湖北葛蓬岗酒业有限公司,客服电话:02785506273,https://zc.suning.com/project/detail.htm?projectId=20365
南京金城机械有限公司,客服电话:4008-621626、13913863908、18651887318,https://zc.suning.com/project/detail.htm?projectId=13744
广州云徒信息科技有限...,客服电话:400-660-8838,https://zc.suning.com/project/detail.htm?projectId=16981
上海阿陀芬实业发展有...,客服电话:15000762592,https://zc.suning.com/project/detail.htm?projectId=17131
常州新和美电器有限公司,客服电话:0519-86737127,https://zc.suning.com/project/detail.htm?projectId=17221
汕头市迪秀玩具实业有...,客服电话:18903059018,https://zc.suning.com/project/detail.htm?projectId=16948
广州毕索斯贸易有限公司,客服电话:4001558198,https://zc.suning.com/project/detail.htm?projectId=17300
杭州步司诺网络技术有...,客服电话:0571-28863599,https://zc.suning.com/project/detail.htm?projectId=16823
内蒙古苏鲁德文创科技...,客服电话:400-000-3858,https://zc.suning.com/project/detail.htm?projectId=17451
上海香韵春生物科技有...,客服电话:13761676142,https://zc.suning.com/project/detail.htm?projectId=17277
宜昌一苇电商科技有限...,客服电话:13396151951,https://zc.suning.com/project/detail.htm?projectId=17182
旅呈（厦门）汽车用品...,客服电话:0592-5931505,https://zc.suning.com/project/detail.htm?projectId=17503
浙江浩淼科技有限公司,客服电话:0575-87102119,https://zc.suning.com/project/detail.htm?projectId=17402
北京创康生态农业科技...,客服电话:400-6088517,https://zc.suning.com/project/detail.htm?projectId=17224
武汉众宁电商科技有限...,客服电话:13476003157,https://zc.suning.com/project/detail.htm?projectId=17376
扬州金鼎科技服务有限...,客服电话:4008801988,https://zc.suning.com/project/detail.htm?projectId=17347
时代华盛（北京）投资...,客服电话:4008080588,https://zc.suning.com/project/detail.htm?projectId=17726
宜昌华尔食品有限责任...,客服电话:13545831717,https://zc.suning.com/project/detail.htm?projectId=17379
中钢集团武汉安全环保...,客服电话:027-86640783,https://zc.suning.com/project/detail.htm?projectId=17117
内蒙古苏鲁德文创科技...,客服电话:400-000-3858,https://zc.suning.com/project/detail.htm?projectId=17508
武汉众宁电商科技有限...,客服电话:13487099997,https://zc.suning.com/project/detail.htm?projectId=17630
绍兴双联齿轮有限公司,客服电话:0575-88601154,https://zc.suning.com/project/detail.htm?projectId=17489
武汉市江声科技有限公司,客服电话:02785310875,https://zc.suning.com/project/detail.htm?projectId=17762
聚仁环科（北京）科技...,客服电话:400-8167566,https://zc.suning.com/project/detail.htm?projectId=17596
杭州汤米智能科技有限...,客服电话:86601656,https://zc.suning.com/project/detail.htm?projectId=17768
广州幻木科技有限公司,客服电话:020-29173081,https://zc.suning.com/project/detail.htm?projectId=17820
江阴美菲家用电器有限...,客服电话:4001885180,https://zc.suning.com/project/detail.htm?projectId=17847
江苏果麦环保科技有限...,客服电话:4009946898,https://zc.suning.com/project/detail.htm?projectId=18213
深圳市永利联合科技有...,客服电话:0755-28219517,https://zc.suning.com/project/detail.htm?projectId=17686
嘉兴市格温多林环保设...,客服电话:4008266153,https://zc.suning.com/project/detail.htm?projectId=17728
江苏开元众鑫鞋业有限...,客服电话:18851190386,https://zc.suning.com/project/detail.htm?projectId=17948
安徽网加电子商务有限...,客服电话:13505515454,https://zc.suning.com/project/detail.htm?projectId=17854
广州市韵动佳健康产业...,客服电话:13512789429,https://zc.suning.com/project/detail.htm?projectId=17834
宜昌一苇电商科技有限...,客服电话:13396151951,https://zc.suning.com/project/detail.htm?projectId=18156
深圳高黎贡旅游文化中...,客服电话:13510875966,https://zc.suning.com/project/detail.htm?projectId=18170
北京中海诚达生物科技...,客服电话:4008329711,https://zc.suning.com/project/detail.htm?projectId=18121
北京芳影伟业工程设备...,客服电话:4000602520,https://zc.suning.com/project/detail.htm?projectId=18181
台州奕君金属制品有限...,客服电话:15257663913,https://zc.suning.com/project/detail.htm?projectId=17538
北京暖牛科技有限公司,客服电话:4006986888,https://zc.suning.com/project/detail.htm?projectId=18428
江华瑶族自治县同丰粮...,客服电话:18390828990,https://zc.suning.com/project/detail.htm?projectId=18400
时代华盛（北京）投资...,客服电话:4008080588,https://zc.suning.com/project/detail.htm?projectId=18370
广水强海制鞋有限公司,客服电话:076989805785,https://zc.suning.com/project/detail.htm?projectId=18397
上海台芝生物科技有限...,客服电话:02120956103,https://zc.suning.com/project/detail.htm?projectId=18211
北京正霖化妆品有限公司,客服电话:15801176192,https://zc.suning.com/project/detail.htm?projectId=18235
浙江伟迅电子科技有限...,客服电话:18357246878,https://zc.suning.com/project/detail.htm?projectId=17568
东莞市子欣服饰有限公司,客服电话:02031074435,https://zc.suning.com/project/detail.htm?projectId=18513
湖南资民堂现代农业科...,客服电话:18570383231,https://zc.suning.com/project/detail.htm?projectId=18477
苏州仁东电子科技有限...,客服电话:057185161126,https://zc.suning.com/project/detail.htm?projectId=18563
浙江群鱼网络科技有限...,客服电话:4000800881,https://zc.suning.com/project/detail.htm?projectId=19860
南京苏宁易购电子商务...,客服电话:95177,https://zc.suning.com/project/detail.htm?projectId=19825
佛山市兴雅科技有限公司,客服电话:13922746550,https://zc.suning.com/project/detail.htm?projectId=19858
武汉现代讯联科技有限...,客服电话:13971014460,https://zc.suning.com/project/detail.htm?projectId=18634
浙江安吉美佳琪家居用...,客服电话:18576790082,https://zc.suning.com/project/detail.htm?projectId=19685
北京摩度花园智能科技...,客服电话:13120328199,https://zc.suning.com/project/detail.htm?projectId=19458
深圳市苏宁易购销售有...,客服电话:075525840459,https://zc.suning.com/project/detail.htm?projectId=20155
深圳市苏宁易购销售有...,客服电话:075525840459,https://zc.suning.com/project/detail.htm?projectId=20188
深圳市乔宁科技有限公司,客服电话:4009009522,https://zc.suning.com/project/detail.htm?projectId=20125
湖北四季春茶油股份有...,客服电话:02785506273,https://zc.suning.com/project/detail.htm?projectId=20008
晋江迪越鞋服有限公司,客服电话:18589097588,https://zc.suning.com/project/detail.htm?projectId=20205
源道奇（北京）贸易有...,客服电话:18911151708,https://zc.suning.com/project/detail.htm?projectId=18658
南京三更天文化传媒有...,客服电话:15802265307,https://zc.suning.com/project/detail.htm?projectId=18433
山东通广建材科技有限...,客服电话:06325190699,https://zc.suning.com/project/detail.htm?projectId=18642
宁波健利康生物研究科...,客服电话:4008655544,https://zc.suning.com/project/detail.htm?projectId=18703
苏州市苏宁床垫有限公司,客服电话:051266653331,https://zc.suning.com/project/detail.htm?projectId=18926
北京夕阳情科技发展有...,客服电话:13905112178,https://zc.suning.com/project/detail.htm?projectId=18925
中创信诺（深圳）科技...,客服电话:13927440472,https://zc.suning.com/project/detail.htm?projectId=18890
湖南御瓷炼环保科技有...,客服电话:18674889366,https://zc.suning.com/project/detail.htm?projectId=18715
湖南明昌生态农业有限...,客服电话:13242040378,https://zc.suning.com/project/detail.htm?projectId=18516
埃蔻（北京）贸易有限...,客服电话:15801657695,https://zc.suning.com/project/detail.htm?projectId=18962
慧宁（天津）欧米伽三...,客服电话:18812576437,https://zc.suning.com/project/detail.htm?projectId=18843
东莞晨东电子有限公司,客服电话:18589097588,https://zc.suning.com/project/detail.htm?projectId=20201
苏州诺斯贝尔智能科技...,客服电话:13451648131,https://zc.suning.com/project/detail.htm?projectId=20126
重庆市玛丝特国际贸易...,客服电话:18602316494,https://zc.suning.com/project/detail.htm?projectId=20030
东阳市金晟塑业有限公司,客服电话:13758966963,https://zc.suning.com/project/detail.htm?projectId=20199
勐海知味茶业有限公司,客服电话:18914466776,https://zc.suning.com/project/detail.htm?projectId=20003
苏州良知出手网络科技...,客服电话:4008280212,https://zc.suning.com/project/detail.htm?projectId=19883
安钥（北京）科技股份...,客服电话:4008238616,https://zc.suning.com/project/detail.htm?projectId=20015
苏宁易购集团股份有限...,客服电话:18852095093,https://zc.suning.com/project/detail.htm?projectId=20354
江苏光芒厨电科技有限...,客服电话:13815942988,https://zc.suning.com/project/detail.htm?projectId=20282
深圳昊城伟业科技有限...,客服电话:13715330035,https://zc.suning.com/project/detail.htm?projectId=18927
国食嘉康（北京）农业...,客服电话:4000177172,https://zc.suning.com/project/detail.htm?projectId=18975
浙江百之佳家具有限公司,客服电话:05725709633,https://zc.suning.com/project/detail.htm?projectId=18988
安徽精穗贸易有限公司,客服电话:4000664040,https://zc.suning.com/project/detail.htm?projectId=18912
南京然本网络科技有限...,客服电话:13814120653,https://zc.suning.com/project/detail.htm?projectId=18900
深圳市镭起科技有限公司,客服电话:13242040378,https://zc.suning.com/project/detail.htm?projectId=18747
文山润华贸易有限公司,客服电话:18914460502,https://zc.suning.com/project/detail.htm?projectId=20236
沧州金雨堂电子商务有...,客服电话:18812576437,https://zc.suning.com/project/detail.htm?projectId=19099
浙江信宏科技有限公司,客服电话:057587559982,https://zc.suning.com/project/detail.htm?projectId=19088
湖北恒兴聚达网络科技...,客服电话:13476003157,https://zc.suning.com/project/detail.htm?projectId=18903
东莞市悦迈声学科技有...,客服电话:13510789471,https://zc.suning.com/project/detail.htm?projectId=18951
深圳市超毅丰五金制品...,客服电话:13528401516,https://zc.suning.com/project/detail.htm?projectId=18918
河北万果红酒业有限公司,客服电话:18812576437,https://zc.suning.com/project/detail.htm?projectId=19236
镇江诺维新电气有限公司,客服电话:4006040922,https://zc.suning.com/project/detail.htm?projectId=15219
石家庄达讯商贸有限公司,客服电话:17733848381,https://zc.suning.com/project/detail.htm?projectId=19168
湘西新金凤凰农业开发...,客服电话:073182563677,https://zc.suning.com/project/detail.htm?projectId=19319
天津市四维康环保科技...,客服电话:18812576437,https://zc.suning.com/project/detail.htm?projectId=19309
泉州稻壳家族环保科技...,客服电话:05925785159,https://zc.suning.com/project/detail.htm?projectId=19369
武汉荷香源农业发展有...,客服电话:02785506273,https://zc.suning.com/project/detail.htm?projectId=19463
贵州酱印酒业有限公司,客服电话:18076243999,https://zc.suning.com/project/detail.htm?projectId=19510
湖南三茵生态农业发展...,客服电话:073188758945,https://zc.suning.com/project/detail.htm?projectId=19681
麻阳横喇南峰农业开发...,客服电话:073182563677,https://zc.suning.com/project/detail.htm?projectId=20317
苏州恩雅进出口贸易有...,客服电话:051265185276,https://zc.suning.com/project/detail.htm?projectId=20207
平顶山苏宁云商商贸有...,客服电话:18625365365,https://zc.suning.com/project/detail.htm?projectId=20402
休宁县新安源正鸿茶菊...,客服电话:18955970329,https://zc.suning.com/project/detail.htm?projectId=20213
河南金祥酒业有限责任...,客服电话:02785506273,https://zc.suning.com/project/detail.htm?projectId=20360
霸州市金锚嘉园工具有...,客服电话:18812576437,https://zc.suning.com/project/detail.htm?projectId=20283
泉州市圆点生活贸易有...,客服电话:18589097588,https://zc.suning.com/project/detail.htm?projectId=20323
武汉双绿源创芯科技研...,客服电话:02785506273,https://zc.suning.com/project/detail.htm?projectId=20639
耒阳市金鑫农业科技发...,客服电话:02785506273-13476003157,https://zc.suning.com/project/detail.htm?projectId=20635
杭州多维佳食品有限公司,客服电话:4009969776,https://zc.suning.com/project/detail.htm?projectId=20698
兰考潘根记食品有限公司,客服电话:15565138788,https://zc.suning.com/project/detail.htm?projectId=20411
兰考县潘根记种植专业...,客服电话:15565138788,https://zc.suning.com/project/detail.htm?projectId=20375
海南龙凤乳胶科技有限...,客服电话:13705153499,https://zc.suning.com/project/detail.htm?projectId=20681
惠州市罗浮岭南养生酒...,客服电话:13316360333,https://zc.suning.com/project/detail.htm?projectId=20715
南京苏宁易购电子商务...,客服电话:95177-6,https://zc.suning.com/project/detail.htm?projectId=20456
蒙自彩云红商贸有限公司,客服电话:18914460502,https://zc.suning.com/project/detail.htm?projectId=20628
河南绿达山茶油股份有...,客服电话:02785506273,https://zc.suning.com/project/detail.htm?projectId=20707
西安趣智造信息科技有...,客服电话:18229032181,https://zc.suning.com/project/detail.htm?projectId=19942
青岛尚家良品纺织有限...,客服电话:15896278830,https://zc.suning.com/project/detail.htm?projectId=20679
惠州苏宁云商销售有限...,客服电话:13143055673,https://zc.suning.com/project/detail.htm?projectId=20860
山东一品农人农业发展...,客服电话:17853699135,https://zc.suning.com/project/detail.htm?projectId=20595
宁夏净土生态食品有限...,客服电话:09512045062,https://zc.suning.com/project/detail.htm?projectId=20670
江苏英诺英科智能技术...,客服电话:17712332261,https://zc.suning.com/project/detail.htm?projectId=20356
江苏眸岸科技有限公司,客服电话:18963626786,https://zc.suning.com/project/detail.htm?projectId=20335
深圳市智海创新科技有...,客服电话:13705153499,https://zc.suning.com/project/detail.htm?projectId=20364
健易人（北京）酒业有...,客服电话:02785506273,https://zc.suning.com/project/detail.htm?projectId=20451
怀远县眼镜兔百货商贸...,客服电话:17353707621,https://zc.suning.com/project/detail.htm?projectId=20395
中山琅道服装设计有限...,客服电话:13823572682,https://zc.suning.com/project/detail.htm?projectId=20512
常州倍速智能科技有限...,客服电话:81001050,https://zc.suning.com/project/detail.htm?projectId=20220
北京首益康健康科技有...,客服电话:4006994199,https://zc.suning.com/project/detail.htm?projectId=20733
贵州成龙酒业有限公司,客服电话:13705153499,https://zc.suning.com/project/detail.htm?projectId=20401
江苏十月金农业发展有...,客服电话:15151090995,https://zc.suning.com/project/detail.htm?projectId=20740
成都易广通电子科技有...,客服电话:17360076610,https://zc.suning.com/project/detail.htm?projectId=20842
苏州足蟹蟹业有限公司,客服电话:13626196583,https://zc.suning.com/project/detail.htm?projectId=20861
苏州恩雅进出口贸易有...,客服电话:051265185276,https://zc.suning.com/project/detail.htm?projectId=20864
山东周氏鸭食品有限公司,客服电话:02785506273,https://zc.suning.com/project/detail.htm?projectId=20872
青岛华怡中通工贸有限...,客服电话:053281927657,https://zc.suning.com/project/detail.htm?projectId=20357
南京苏宁易购电子商务...,客服电话:95177-6,https://zc.suning.com/project/detail.htm?projectId=20856
仙游县奇沉阁工艺品贸...,客服电话:13459092076,https://zc.suning.com/project/detail.htm?projectId=20659
宜宾天冉酒业有限公司,客服电话:19949425256,https://zc.suning.com/project/detail.htm?projectId=20922
四川全牛食品有限公司,客服电话:19949425256,https://zc.suning.com/project/detail.htm?projectId=20904
山西省清徐葡萄酒有限...,客服电话:02785506273,https://zc.suning.com/project/detail.htm?projectId=20914
海南自由风情贸易有限...,客服电话:089867201217,https://zc.suning.com/project/detail.htm?projectId=20613
四川宜粮液酒业有限责...,客服电话:13194999790,https://zc.suning.com/project/detail.htm?projectId=20687
湖北全苑生态农业科技...,客服电话:02785506273,https://zc.suning.com/project/detail.htm?projectId=20873
海南自由风情贸易有限...,客服电话:089867201217,https://zc.suning.com/project/detail.htm?projectId=20594
欧法立万国际贸易（北...,客服电话:13069657171,https://zc.suning.com/project/detail.htm?projectId=20623
龙泉市天子宝剑厂,客服电话:17099359899,https://zc.suning.com/project/detail.htm?projectId=20785
青岛芹味轩电子商务有...,客服电话:053288371437,https://zc.suning.com/project/detail.htm?projectId=20684
武汉市康美副食品有限...,客服电话:027-50240796,https://zc.suning.com/project/detail.htm?projectId=20788
汝州市欣辉实业有限公司,客服电话:13513757227,https://zc.suning.com/project/detail.htm?projectId=20775
山西日春N酒业有限公司,客服电话:13753387171,https://zc.suning.com/project/detail.htm?projectId=20570
大庆琨瑞科技有限公司,客服电话:04595771456,https://zc.suning.com/project/detail.htm?projectId=20906
辽宁三合酒业有限公司,客服电话:4000737999,https://zc.suning.com/project/detail.htm?projectId=21042
中山明新制衣有限公司,客服电话:0756-8598170,https://zc.suning.com/project/detail.htm?projectId=21039
景德镇市紫晶龙紫砂科...,客服电话:13352937292,https://zc.suning.com/project/detail.htm?projectId=21094
北京一米空气科技有限...,客服电话:18511894979,https://zc.suning.com/project/detail.htm?projectId=20890
武汉中科来福生物科技...,客服电话:02785506273,https://zc.suning.com/project/detail.htm?projectId=20992
义乌市君益电子商务有...,客服电话:15067765500,https://zc.suning.com/project/detail.htm?projectId=20940
惠州玉睿科技有限公司,客服电话:18682293792,https://zc.suning.com/project/detail.htm?projectId=20997
南京白下苏宁云商商贸...,客服电话:4008365365,https://zc.suning.com/project/detail.htm?projectId=20923
安徽尧舜智能袜业有限...,客服电话:02785506273,https://zc.suning.com/project/detail.htm?projectId=20973
浙江柏兰帝酒业有限公司,客服电话:0571-88095656,https://zc.suning.com/project/detail.htm?projectId=20981
上海酷九旅游用品有限...,客服电话:18613050816,https://zc.suning.com/project/detail.htm?projectId=21424
东莞华野精工科技有限...,客服电话:0769-82599987,https://zc.suning.com/project/detail.htm?projectId=21469
山西酸格凌凌酒业有限...,客服电话:15536989977,https://zc.suning.com/project/detail.htm?projectId=20985
浙江神造科技有限公司,客服电话:057187359020,https://zc.suning.com/project/detail.htm?projectId=21417
南京苏宁易购电子商务...,客服电话:95177,https://zc.suning.com/project/detail.htm?projectId=21494
上高县陈宗浊酒坊经营部,客服电话:02785506273,https://zc.suning.com/project/detail.htm?projectId=20947
北京兰^文化发展有限...,客服电话:01062137905,https://zc.suning.com/project/detail.htm?projectId=21414
厦门诚叶健康食品有限...,客服电话:0592-5379793,https://zc.suning.com/project/detail.htm?projectId=21298
深圳市安奥智能科技有...,客服电话:0755-33133259,https://zc.suning.com/project/detail.htm?projectId=21435
青海绿洲种业有限公司,客服电话:4009010971,https://zc.suning.com/project/detail.htm?projectId=21125
北京工美集团有限责任...,客服电话:010-65233016,https://zc.suning.com/project/detail.htm?projectId=21095
宝诚电子商务（深圳）...,客服电话:15989376710,https://zc.suning.com/project/detail.htm?projectId=21270
宜昌一苇电商科技有限...,客服电话:13396157165,https://zc.suning.com/project/detail.htm?projectId=21525
佳沃（北京）葡萄酒有...,客服电话:4008908300,https://zc.suning.com/project/detail.htm?projectId=20952
武汉众宁电商科技有限...,客服电话:02785506273,https://zc.suning.com/project/detail.htm?projectId=21034
贵州省仁怀市天顺酒业...,客服电话:19949425256,https://zc.suning.com/project/detail.htm?projectId=21529
成都威依爱酒业有限公司,客服电话:13568999185,https://zc.suning.com/project/detail.htm?projectId=21204
海南金岳玉液酒业股份...,客服电话:02785506273,https://zc.suning.com/project/detail.htm?projectId=20999
青岛康美联文化用品有...,客服电话:13352937292,https://zc.suning.com/project/detail.htm?projectId=21273
湖北益家生态农业发展...,客服电话:02785506278,https://zc.suning.com/project/detail.htm?projectId=21244
四川润泽芯科技有限公司,客服电话:19949425256,https://zc.suning.com/project/detail.htm?projectId=21283
怀远县眼镜兔百货商贸...,客服电话:17353707621,https://zc.suning.com/project/detail.htm?projectId=21116
重庆市宸惠商贸有限公司,客服电话:15123166902,https://zc.suning.com/project/detail.htm?projectId=21263
宜昌一苇电商科技有限...,客服电话:17371727697,https://zc.suning.com/project/detail.htm?projectId=21233
东营诚沽电子商务有限...,客服电话:15505465613,https://zc.suning.com/project/detail.htm?projectId=21635
四川泸州唐人酒业有限...,客服电话:17381589626,https://zc.suning.com/project/detail.htm?projectId=21587
杭州点厨科技有限公司,客服电话:02785506273,https://zc.suning.com/project/detail.htm?projectId=21611
深圳市木木羊智能科技...,客服电话:15877438289,https://zc.suning.com/project/detail.htm?projectId=21445
湖北亲缘互联传承网络...,客服电话:07176751069,https://zc.suning.com/project/detail.htm?projectId=21628
威诺诚品农业（成都）...,客服电话:19949420986,https://zc.suning.com/project/detail.htm?projectId=21669
绵阳晨阳商贸有限公司,客服电话:18180924301,https://zc.suning.com/project/detail.htm?projectId=21572
九江市厚华科技有限公司,客服电话:0792-3605888,https://zc.suning.com/project/detail.htm?projectId=21311
深圳市宜居云科技有限...,客服电话:18123604251,https://zc.suning.com/project/detail.htm?projectId=21634
贵州省好品汇农业科技...,客服电话:0851-83801688,https://zc.suning.com/project/detail.htm?projectId=21632
深圳智能屋电子科技有...,客服电话:4001068100,https://zc.suning.com/project/detail.htm?projectId=21527
邢台润玉食品有限公司,客服电话:02785506273,https://zc.suning.com/project/detail.htm?projectId=21548
南京苏宁易购电子商务...,客服电话:95177-5,https://zc.suning.com/project/detail.htm?projectId=21832
江西绿满源食品有限公司,客服电话:0512-53223582,https://zc.suning.com/project/detail.htm?projectId=21413
贵州江实业有限公司,客服电话:08585568888,https://zc.suning.com/project/detail.htm?projectId=21576
河北久迈酒业有限公司,客服电话:02785506273,https://zc.suning.com/project/detail.htm?projectId=21537
云树电子商务（北京）...,客服电话:010-53650751,https://zc.suning.com/project/detail.htm?projectId=21432
无锡烯创科技有限公司,客服电话:027-85506273,https://zc.suning.com/project/detail.htm?projectId=21610
北京酝味品牌运营管理...,客服电话:02785506273,https://zc.suning.com/project/detail.htm?projectId=21604
成都礼康生物科技有...,客服电话:19949425256,https://zc.suning.com/project/detail.htm?projectId=21321
新疆恩科鑫贸易有限公司,客服电话:0991-8897822,https://zc.suning.com/project/detail.htm?projectId=21391
江西省金峰生态农林发...,客服电话:02785506273,https://zc.suning.com/project/detail.htm?projectId=21304
贵州金沙回沙酒销售有...,客服电话:17360076610,https://zc.suning.com/project/detail.htm?projectId=21266
世优（北京）科技有限...,客服电话:010-58468994,https://zc.suning.com/project/detail.htm?projectId=15193
上海长欧生物科技有限...,客服电话:4001689033,https://zc.suning.com/project/detail.htm?projectId=21343
深圳市声表电子有限公司,客服电话:400-6006998,https://zc.suning.com/project/detail.htm?projectId=21293
湖南掌中勺食品科技有...,客服电话:0731-82563677,https://zc.suning.com/project/detail.htm?projectId=21346
武汉小甲虫科技有限公司,客服电话:02785506273,https://zc.suning.com/project/detail.htm?projectId=21372
湖南泓源鼎盛酒业有限...,客服电话:02785506273,https://zc.suning.com/project/detail.htm?projectId=21567
山西第一粒农业科技有...,客服电话:027-85506273,https://zc.suning.com/project/detail.htm?projectId=21748
广东穗瑞农林发展有限...,客服电话:02785506273,https://zc.suning.com/project/detail.htm?projectId=21765
汕头市迪邦玩具有限公司,客服电话:0754-85886563,https://zc.suning.com/project/detail.htm?projectId=21685
深圳市天柱源科技有限...,客服电话:0755-89320261,https://zc.suning.com/project/detail.htm?projectId=21743
泸州今明后酒业有限公司,客服电话:18982426039,https://zc.suning.com/project/detail.htm?projectId=21547
厦门万仟堂艺术品有限...,客服电话:18205962605,https://zc.suning.com/project/detail.htm?projectId=21810
武汉小甲虫科技有限公司,客服电话:02785506273,https://zc.suning.com/project/detail.htm?projectId=21614
滁州金弘安米业有限公司,客服电话:02785506273,https://zc.suning.com/project/detail.htm?projectId=21797
北京云驾科技有限公司,客服电话:01068339339,https://zc.suning.com/project/detail.htm?projectId=21654
宁夏正杞红枸杞产业发...,客服电话:02785506273,https://zc.suning.com/project/detail.htm?projectId=21825
汉中晶海实业发展有限...,客服电话:02785506273,https://zc.suning.com/project/detail.htm?projectId=21854
浙江新巨力安防科技股...,客服电话:02785506273,https://zc.suning.com/project/detail.htm?projectId=21877
贵州周氏烧坊酒业有限...,客服电话:02785506273,https://zc.suning.com/project/detail.htm?projectId=21856
成都弥恋商贸有限公司,客服电话:19949425256,https://zc.suning.com/project/detail.htm?projectId=21788
安徽喜洋洋农业科技有...,客服电话:15971880808,https://zc.suning.com/project/detail.htm?projectId=21852
中山市阿洛奇美第体育...,客服电话:18929975558,https://zc.suning.com/project/detail.htm?projectId=21444
湖南山润油茶科技发展...,客服电话:18995629079,https://zc.suning.com/project/detail.htm?projectId=21920
上海骏熹实业有限公司,客服电话:4009909208,https://zc.suning.com/project/detail.htm?projectId=21371
江西五丰食品有限公司,客服电话:02785506273,https://zc.suning.com/project/detail.htm?projectId=21395
湖北圭萃园农林股份有...,客服电话:02785506273,https://zc.suning.com/project/detail.htm?projectId=21869
宜兴市中超利永紫砂陶...,客服电话:15370277682,https://zc.suning.com/project/detail.htm?projectId=21649
陕西合阳中资国业牡丹...,客服电话:02785506273,https://zc.suning.com/project/detail.htm?projectId=21384
四川酿王酒业有限公司,客服电话:15528226693,https://zc.suning.com/project/detail.htm?projectId=21434
于都贡江酒业有限公司,客服电话:02785506273,https://zc.suning.com/project/detail.htm?projectId=21404
昆明酒瓶座精酿啤酒有...,客服电话:0871-63378799,https://zc.suning.com/project/detail.htm?projectId=21192
贵州琼浆之星贸易有限...,客服电话:17360076610,https://zc.suning.com/project/detail.htm?projectId=21858
东莞市顺盈商贸有限公司,客服电话:18002818413,https://zc.suning.com/project/detail.htm?projectId=21320
深圳市润麟科技有限公司,客服电话:18923818607,https://zc.suning.com/project/detail.htm?projectId=21344
无锡金鸿达酒业有限公司,客服电话:18921535183,https://zc.suning.com/project/detail.htm?projectId=21962
兰州百全生物科技股份...,客服电话:0931-4536026,https://zc.suning.com/project/detail.htm?projectId=21943
上海月鸟科技有限公司,客服电话:15900860444,https://zc.suning.com/project/detail.htm?projectId=22024
贵州省仁怀市华毛酱酒...,客服电话:4001856519,https://zc.suning.com/project/detail.htm?projectId=22033
山西恋棠商贸有限公司,客服电话:0350-2131919,https://zc.suning.com/project/detail.htm?projectId=22054
天水裕源果蔬有限责任...,客服电话:19949425256,https://zc.suning.com/project/detail.htm?projectId=21981
正大青春宝药业有限公司,客服电话:4008810303,https://zc.suning.com/project/detail.htm?projectId=21935
南京三更天文化传媒有...,客服电话:15507004444,https://zc.suning.com/project/detail.htm?projectId=21801
千阳县华鑫天景现代农...,客服电话:15289275359,https://zc.suning.com/project/detail.htm?projectId=22038
湖北亲缘互联传承网络...,客服电话:13972005933,https://zc.suning.com/project/detail.htm?projectId=22030
河南豆鸟网络科技有限...,客服电话:037160183711,https://zc.suning.com/project/detail.htm?projectId=21719
深圳市世维食品有限公司,客服电话:075521002497,https://zc.suning.com/project/detail.htm?projectId=21859
四川草木香生物产业科...,客服电话:028-83503710,https://zc.suning.com/project/detail.htm?projectId=22072
宜昌一苇电商科技有限...,客服电话:13396157165,https://zc.suning.com/project/detail.htm?projectId=22026
贵州省松桃福农鑫农牧...,客服电话:19949425256,https://zc.suning.com/project/detail.htm?projectId=21938
福州世坤网络科技有限...,客服电话:13959109193,https://zc.suning.com/project/detail.htm?projectId=21715
通辽市草原宸香麦饭石...,客服电话:15547598888,https://zc.suning.com/project/detail.htm?projectId=21939
加动健康运动科技（深...,客服电话:13066917598,https://zc.suning.com/project/detail.htm?projectId=21501
四川酩豪酒业有限公司...,客服电话:18140159385,https://zc.suning.com/project/detail.htm?projectId=21821
新疆德康天佑大果沙棘...,客服电话:19949425256,https://zc.suning.com/project/detail.htm?projectId=22027
温州优荣国际贸易有限...,客服电话:0577-56905505,https://zc.suning.com/project/detail.htm?projectId=21998
昆明藻井泉香生物科技...,客服电话:19949425256,https://zc.suning.com/project/detail.htm?projectId=22196
宁波卡特马克网络科技...,客服电话:17606561761,https://zc.suning.com/project/detail.htm?projectId=22112
武夷山茗掌柜茶业有限...,客服电话:0599-5104335,https://zc.suning.com/project/detail.htm?projectId=22163
杭州爱我食品有限公司,客服电话:400-9008797,https://zc.suning.com/project/detail.htm?projectId=22213
浙江束芝生物科技有限...,客服电话:0577-88839315,https://zc.suning.com/project/detail.htm?projectId=22202
帅和节能电器科技（上...,客服电话:2595-88862288,https://zc.suning.com/project/detail.htm?projectId=22225
帅和节能电器科技（上...,客服电话:0595-88862288,https://zc.suning.com/project/detail.htm?projectId=22190
安徽今零众创电子商务...,客服电话:17755789300,https://zc.suning.com/project/detail.htm?projectId=22382
四川嘉粮窖生态酒业有...,客服电话:0833-2032219,https://zc.suning.com/project/detail.htm?projectId=22234
安徽今零众创电子商务...,客服电话:18151088081,https://zc.suning.com/project/detail.htm?projectId=22387
上海古鲁贸易有限公司,客服电话:02156297668,https://zc.suning.com/project/detail.htm?projectId=22300
武汉小甲虫科技有限公司,客服电话:18120448046,https://zc.suning.com/project/detail.htm?projectId=22460
上海梵登生物科技有限...,客服电话:13502444270,https://zc.suning.com/project/detail.htm?projectId=22478
溢泰（南京）环保科技...,客服电话:4001119337,https://zc.suning.com/project/detail.htm?projectId=22475
音王电声股份有限公司,客服电话:15381996297,https://zc.suning.com/project/detail.htm?projectId=22359
慕己(上海)珠宝有限...,客服电话:13916001259,https://zc.suning.com/project/detail.htm?projectId=22116
安徽今零众创电子商务...,客服电话:821074740118,https://zc.suning.com/project/detail.htm?projectId=22427
苏宁极物女式超轻防滑...,客服电话:400365365,https://zc.suning.com/project/detail.htm?projectId=22622
云南一公生物科技有限...,客服电话:19949420986,https://zc.suning.com/project/detail.htm?projectId=22136
甘肃德鑫源乳业有限责...,客服电话:19949425256,https://zc.suning.com/project/detail.htm?projectId=22138
广州市单品王电子商务...,客服电话:19927592382,https://zc.suning.com/project/detail.htm?projectId=22007
上海迅狮实业有限公司,客服电话:13585881551,https://zc.suning.com/project/detail.htm?projectId=22073
南阳玉盈珠宝有限公司,客服电话:17603778816,https://zc.suning.com/project/detail.htm?projectId=22029
甘肃省西贝绿色农产品...,客服电话:09344160000,https://zc.suning.com/project/detail.htm?projectId=22108
甘肃神农现代农业科技...,客服电话:18120448046,https://zc.suning.com/project/detail.htm?projectId=22139
太行源盾科技发展（北...,客服电话:4009662656,https://zc.suning.com/project/detail.htm?projectId=21833
宜兴市博古藏今紫砂文...,客服电话:13306155062,https://zc.suning.com/project/detail.htm?projectId=22063
武汉小甲虫科技有限公司,客服电话:18120448046,https://zc.suning.com/project/detail.htm?projectId=22147
河北长益生物科技有限...,客服电话:18120448046,https://zc.suning.com/project/detail.htm?projectId=22318
唯宝（北京）健康科技...,客服电话:010-58475755,https://zc.suning.com/project/detail.htm?projectId=22267
贵州臻坤生物科技有限...,客服电话:4007802789,https://zc.suning.com/project/detail.htm?projectId=22239
云南藏雄酒业有限公司,客服电话:18617193699,https://zc.suning.com/project/detail.htm?projectId=22402
马边佳凯边凤茶厂,客服电话:18617193699,https://zc.suning.com/project/detail.htm?projectId=22407
新疆天宏润生物科技有...,客服电话:18120448046,https://zc.suning.com/project/detail.htm?projectId=22308
苏宁极物 便携式冲牙器,客服电话:4008365365,https://zc.suning.com/project/detail.htm?projectId=22546
中山市艾丽意素生物科...,客服电话:13612380815,https://zc.suning.com/project/detail.htm?projectId=22541
云南相益酒庄有限公司,客服电话:13307312830,https://zc.suning.com/project/detail.htm?projectId=22563
普洱联众生物资源开发...,客服电话:19949425256,https://zc.suning.com/project/detail.htm?projectId=22595
泰安市珍野食品有限公司,客服电话:0538-6598280,https://zc.suning.com/project/detail.htm?projectId=22520
武汉格林恒升生物科技...,客服电话:18120448046,https://zc.suning.com/project/detail.htm?projectId=22604
大连敲骋子邢薰司,客服电话:13644254456,https://zc.suning.com/project/detail.htm?projectId=22632
内蒙古漫道农牧科技有...,客服电话:15661466208,https://zc.suning.com/project/detail.htm?projectId=22538
合肥三颗心文化传媒有...,客服电话:18715386629,https://zc.suning.com/project/detail.htm?projectId=22577
北京华畅东方电子商务...,客服电话:17610720120,https://zc.suning.com/project/detail.htm?projectId=22590
深圳云数科技有限公司,客服电话:13682618791,https://zc.suning.com/project/detail.htm?projectId=22627
武汉小甲虫科技有限公司,客服电话:19949425256,https://zc.suning.com/project/detail.htm?projectId=22531
苏宁极物,客服电话:400365365,https://zc.suning.com/project/detail.htm?projectId=22631
浙江太元弘商贸有限公司,客服电话:13502444270,https://zc.suning.com/project/detail.htm?projectId=22736
宁波鑫盟电子科技有限...,客服电话:057462393288,https://zc.suning.com/project/detail.htm?projectId=22678
武汉赋能未来电商有限...,客服电话:027-88128188,https://zc.suning.com/project/detail.htm?projectId=22649
南京说一锦食商贸有限...,客服电话:15952044108,https://zc.suning.com/project/detail.htm?projectId=22734
山东凤凰生物有限公司,客服电话:13502444270,https://zc.suning.com/project/detail.htm?projectId=22800
宁波亲泽生物科技有限...,客服电话:400-9607918,https://zc.suning.com/project/detail.htm?projectId=22788
西安宇恒生物科技开发...,客服电话:18991901769,https://zc.suning.com/project/detail.htm?projectId=22748
沈阳天善科技有限公司,客服电话:18640331685,https://zc.suning.com/project/detail.htm?projectId=22768
广东睿康智能科技有限...,客服电话:18260103078,https://zc.suning.com/project/detail.htm?projectId=22689
永康市高登工贸有限公司,客服电话:18158350872,https://zc.suning.com/project/detail.htm?projectId=22688
南京乐酷商贸有限公司,客服电话:13851453404,https://zc.suning.com/project/detail.htm?projectId=22809
永康市唯鑫塑料制品有...,客服电话:15151502684,https://zc.suning.com/project/detail.htm?projectId=22690
博罗县龙华镇尊皇五金厂,客服电话:0752-6895502,https://zc.suning.com/project/detail.htm?projectId=22796
无锡绿多贸易有限公司,客服电话:18068290701,https://zc.suning.com/project/detail.htm?projectId=22773
宁波浩盛气动机械有限...,客服电话:13862047353,https://zc.suning.com/project/detail.htm?projectId=22709
青岛云起张商贸有限公司,客服电话:4009900259,https://zc.suning.com/project/detail.htm?projectId=22793
四川红谷生态农业有限...,客服电话:18783286927,https://zc.suning.com/project/detail.htm?projectId=22805
武汉小甲虫科技有限公司,客服电话:13502444270,https://zc.suning.com/project/detail.htm?projectId=22908
青奥产业南京有限公司,客服电话:18813069285,https://zc.suning.com/project/detail.htm?projectId=22443
深圳市鹏城维信科技有...,客服电话:18115521231,https://zc.suning.com/project/detail.htm?projectId=22687
延安市五只羊牧业科技...,客服电话:18091135284,https://zc.suning.com/project/detail.htm?projectId=22810
连云港艾米网络科技有...,客服电话:13780035897,https://zc.suning.com/project/detail.htm?projectId=22416
上海福量生物科技有限...,客服电话:13502444270,https://zc.suning.com/project/detail.htm?projectId=22910
武汉小甲虫科技有限公司,客服电话:15971880808,https://zc.suning.com/project/detail.htm?projectId=22231
淮安西雅图电子科技有...,客服电话:18171023761,https://zc.suning.com/project/detail.htm?projectId=22946
武夷山鼎芳斋生态茶业...,客服电话:15259907898,https://zc.suning.com/project/detail.htm?projectId=22919
贵州省仁怀市茅台镇赖...,客服电话:18120448046,https://zc.suning.com/project/detail.htm?projectId=23209
乐清市昌峰电子科技有...,客服电话:4000616121,https://zc.suning.com/project/detail.htm?projectId=23004
池州市满南轩农业有限...,客服电话:13861629357,https://zc.suning.com/project/detail.htm?projectId=23037
成都众宁众创科技有限...,客服电话:19949425256,https://zc.suning.com/project/detail.htm?projectId=23002
贵州省仁怀市贵和酒业...,客服电话:4000766888,https://zc.suning.com/project/detail.htm?projectId=23191
连云港健宝现代农业科...,客服电话:13502444270,https://zc.suning.com/project/detail.htm?projectId=23155
深圳市苏宁易购销售有...,客服电话:18188636692,https://zc.suning.com/project/detail.htm?projectId=23068
宜昌一苇电商科技有限...,客服电话:15825563763,https://zc.suning.com/project/detail.htm?projectId=23237
苏州恩雅进出口贸易有...,客服电话:4006999377,https://zc.suning.com/project/detail.htm?projectId=23217
广州腾力赛威科技发展...,客服电话:13502444270,https://zc.suning.com/project/detail.htm?projectId=23145
山东日纳功能材料科技...,客服电话:18178296359,https://zc.suning.com/project/detail.htm?projectId=23005
苏州儒博特科技有限公司,客服电话:13910631203,https://zc.suning.com/project/detail.htm?projectId=23007
深圳市开M智能科技有...,客服电话:4008000268,https://zc.suning.com/project/detail.htm?projectId=23186
广州福慧生物科技有限...,客服电话:13502444270,https://zc.suning.com/project/detail.htm?projectId=22894
佛山市源香客酒业有限...,客服电话:18520907790,https://zc.suning.com/project/detail.htm?projectId=22926
仙居棕盛家居用品有限...,客服电话:0576-87665199,https://zc.suning.com/project/detail.htm?projectId=22955
景泰东盛农业科技发展...,客服电话:17360076610,https://zc.suning.com/project/detail.htm?projectId=23014
山西百年龙凤酒业有限...,客服电话:4000584358,https://zc.suning.com/project/detail.htm?projectId=22900
苏州奥阁雅智能科技有...,客服电话:18136757898,https://zc.suning.com/project/detail.htm?projectId=22912
上海竣弘汽车销售有限...,客服电话:17895008458,https://zc.suning.com/project/detail.htm?projectId=23078
兆浚宏科技（镇江）有...,客服电话:0511-88898933,https://zc.suning.com/project/detail.htm?projectId=22956
南京三先工贸有限公司,客服电话:13915933555,https://zc.suning.com/project/detail.htm?projectId=23006
苏宁易购集团股份有限...,客服电话:02566996699-887217,https://zc.suning.com/project/detail.htm?projectId=23309
苏宁易购集团股份有限...,客服电话:02566996699-868560,https://zc.suning.com/project/detail.htm?projectId=23411
深圳市对渭生物科技有...,客服电话:17372289527,https://zc.suning.com/project/detail.htm?projectId=23245
贵州宋功坊酒业销售有...,客服电话:17585077445,https://zc.suning.com/project/detail.htm?projectId=23011
青岛泰冠科技有限公司,客服电话:13863926890,https://zc.suning.com/project/detail.htm?projectId=23283
宁夏天山红宝珠枸杞制...,客服电话:18617193699,https://zc.suning.com/project/detail.htm?projectId=23464
上海祥隆电子商务有限...,客服电话:021-60888510,https://zc.suning.com/project/detail.htm?projectId=23437
上海通全生物科技有限...,客服电话:13502444270,https://zc.suning.com/project/detail.htm?projectId=23350
白山市大山印象电子商...,客服电话:13234399980,https://zc.suning.com/project/detail.htm?projectId=23395
合肥蓝霖婷商贸有限公司,客服电话:18130022818,https://zc.suning.com/project/detail.htm?projectId=23311
国际米兰足球俱乐部,客服电话:18551601377,https://zc.suning.com/project/detail.htm?projectId=23582
泉州夏尔马鞋服科技有...,客服电话:075521032459,https://zc.suning.com/project/detail.htm?projectId=19946
晋江市闽启服装制造有...,客服电话:05925785159,https://zc.suning.com/project/detail.htm?projectId=19931
广州汇美舍天然用品连...,客服电话:18914466776,https://zc.suning.com/project/detail.htm?projectId=20114
上海挚纯电器有限公司,客服电话:18801699997,https://zc.suning.com/project/detail.htm?projectId=23428
中康元贞（徐州）生物...,客服电话:17751781582,https://zc.suning.com/project/detail.htm?projectId=23445
杭州庄一童卓家居有限...,客服电话:13372567760,https://zc.suning.com/project/detail.htm?projectId=23469
河南南正青酒业有限公司,客服电话:15039443101,https://zc.suning.com/project/detail.htm?projectId=23472
武汉乔诺科技实业有限...,客服电话:02785506273,https://zc.suning.com/project/detail.htm?projectId=20345
四川金钱柜文化传播有...,客服电话:13183881385,https://zc.suning.com/project/detail.htm?projectId=20245
河北骄阳盛世酒业有限...,客服电话:18812576437,https://zc.suning.com/project/detail.htm?projectId=20280
湖南中泉节能科技有限...,客服电话:073182563677,https://zc.suning.com/project/detail.htm?projectId=20367
泸州上上盈电子商务有...,客服电话:15228229117,https://zc.suning.com/project/detail.htm?projectId=20214
贵州邹旺酒业股份有限...,客服电话:18323103862,https://zc.suning.com/project/detail.htm?projectId=20424
厦门市一麦香烘焙食品...,客服电话:05925785159,https://zc.suning.com/project/detail.htm?projectId=20046
泉州市兴利来鞋业有限...,客服电话:05925785159,https://zc.suning.com/project/detail.htm?projectId=20078
南京琅翠贸易有限公司,客服电话:025-57790200,https://zc.suning.com/project/detail.htm?projectId=15162
山西环智创艺科技有限...,客服电话:4007807980,https://zc.suning.com/project/detail.htm?projectId=20387
深圳市卡维奇实业有限...,,https://zc.suning.com/project/detail.htm?projectId=9342
坚士锁业有限公司,客服电话:18968730660,https://zc.suning.com/project/detail.htm?projectId=15161
潍坊从众企业管理咨询...,客服电话:18553601258,https://zc.suning.com/project/detail.htm?projectId=14493
苏宁云商集团股份有限...,客服电话:95177转6,https://zc.suning.com/project/detail.htm?projectId=16271
贵州黔之爱生物科技有...,客服电话:13980648718,https://zc.suning.com/project/detail.htm?projectId=23513
深圳市阳晨电子有限公司,客服电话:075527864242,https://zc.suning.com/project/detail.htm?projectId=16023
佛山市顺德区尚腾热能...,客服电话:400-930-9668,https://zc.suning.com/project/detail.htm?projectId=16705
南京苏宁易购电子商务...,客服电话:95177转6,https://zc.suning.com/project/detail.htm?projectId=17476
领航葡萄酒业有限公司,客服电话:15167106800,https://zc.suning.com/project/detail.htm?projectId=23559
杭州久高科技有限公司,客服电话:13502444270,https://zc.suning.com/project/detail.htm?projectId=23506
深圳万久投资发展有限...,客服电话:4001898018,https://zc.suning.com/project/detail.htm?projectId=23572
江阴万龙园林发展有限...,客服电话:18961621777,https://zc.suning.com/project/detail.htm?projectId=23569
佛山市趣途智能科技有...,客服电话:13902424752,https://zc.suning.com/project/detail.htm?projectId=16189
苏宁极物 PC旅行拉...,客服电话:4008365365,https://zc.suning.com/project/detail.htm?projectId=22471
飒爽智能技术（上海）...,客服电话:4009001669,https://zc.suning.com/project/detail.htm?projectId=22298
南京北度电气有限公司,客服电话:02557420321,https://zc.suning.com/project/detail.htm?projectId=20537
长沙温萱健康管理有限...,客服电话:073189921170,https://zc.suning.com/project/detail.htm?projectId=20784
深圳市看见智能科技有...,,https://zc.suning.com/project/detail.htm?projectId=5755
滕州市宸途物流有限公司,客服电话:06328073024,https://zc.suning.com/project/detail.htm?projectId=20588
贵州省仁怀市茅台镇酱...,客服电话:19949425256,https://zc.suning.com/project/detail.htm?projectId=21473
广西贵港东方传奇食品...,客服电话:400-1669400,https://zc.suning.com/project/detail.htm?projectId=21503
汕头市通达保健用品厂,客服电话:4000333448,https://zc.suning.com/project/detail.htm?projectId=21928
深圳在物科技有限公司,客服电话:15601696605,https://zc.suning.com/project/detail.htm?projectId=21900
杭州艾芬达家居有限公司,客服电话:057128181025,https://zc.suning.com/project/detail.htm?projectId=22752
南京苏宁易购电子商务...,客服电话:95177,https://zc.suning.com/project/detail.htm?projectId=21328
安徽今零众创电子商务...,客服电话:18051088081,https://zc.suning.com/project/detail.htm?projectId=23446
深圳市光至美科技有限...,客服电话:18825590827,https://zc.suning.com/project/detail.htm?projectId=12864
徐州昂哲卫电子科技有...,客服电话:400-881-0936,https://zc.suning.com/project/detail.htm?projectId=13111
苏州盟通利机电设备有...,客服电话:4008282550,https://zc.suning.com/project/detail.htm?projectId=12268
江苏云联智能医疗装备...,客服电话:0519-88793728,https://zc.suning.com/project/detail.htm?projectId=13627
苏州西顿家用自动化有...,客服电话:400-686-0521,https://zc.suning.com/project/detail.htm?projectId=14600
深圳市霸迪科技有限公司,,https://zc.suning.com/project/detail.htm?projectId=9614
深圳魔味网络科技有限...,客服电话:4006999822,https://zc.suning.com/project/detail.htm?projectId=12158
深圳市宏业盛科技有限...,客服电话:0755-36688008,https://zc.suning.com/project/detail.htm?projectId=12076
浙江北星科技有限公司,客服电话:02785506273,https://zc.suning.com/project/detail.htm?projectId=21907
准格尔旗天禾种植专业...,客服电话:18004716987,https://zc.suning.com/project/detail.htm?projectId=20960
无锡敏君无线网络科技...,客服电话:0510-66922069,https://zc.suning.com/project/detail.htm?projectId=20881
南京轩之龙网络科技有...,客服电话:18325521600,https://zc.suning.com/project/detail.htm?projectId=20144
陕西九润蜂业有限公司,客服电话:15129225602,https://zc.suning.com/project/detail.htm?projectId=21050
北京中兴创远科技有限...,客服电话:01052266189,https://zc.suning.com/project/detail.htm?projectId=18447
深圳市雨佳田实业发展...,客服电话:400 9021 906,https://zc.suning.com/project/detail.htm?projectId=16990
江苏省苏宁公益基金会,客服电话:13372001214,https://zc.suning.com/project/detail.htm?projectId=18343
广西阗真电子商务有限...,客服电话:15180760522,https://zc.suning.com/project/detail.htm?projectId=19454
宁波恋家环保科技有限...,客服电话:,https://zc.suning.com/project/detail.htm?projectId=17340
洛阳抬头看商贸有限公司,客服电话:037964337736,https://zc.suning.com/project/detail.htm?projectId=18617
桐乡市华伦世家服饰有...,客服电话:0573-89380929,https://zc.suning.com/project/detail.htm?projectId=17457
颢宇信息技术（上海）...,客服电话:15000792078,https://zc.suning.com/project/detail.htm?projectId=20179
浙江快迪电器科技有限...,客服电话:4000266997,https://zc.suning.com/project/detail.htm?projectId=21090
福建众大陶瓷科技发展...,客服电话:059528118899,https://zc.suning.com/project/detail.htm?projectId=17758
北京东方智明科技有限...,客服电话:01068710888,https://zc.suning.com/project/detail.htm?projectId=18732
南京苏宁易购电子商务...,客服电话:95177转6,https://zc.suning.com/project/detail.htm?projectId=17666
上海骏熹实业有限公司,客服电话:4009909208,https://zc.suning.com/project/detail.htm?projectId=19125
厦门市明与清食品有限...,客服电话:05925785159,https://zc.suning.com/project/detail.htm?projectId=19791
厦门摩尔费雷多电子商...,客服电话:05925785159,https://zc.suning.com/project/detail.htm?projectId=19697
武汉睿思琪服饰有限公司,客服电话:075521032459,https://zc.suning.com/project/detail.htm?projectId=19711
深圳市银河碳工科技有...,客服电话:0755-23593959,https://zc.suning.com/project/detail.htm?projectId=12336
深圳仙苗科技有限公司,客服电话:15889701564,https://zc.suning.com/project/detail.htm?projectId=11620
莆田市影响力企业管理...,客服电话:05925785159,https://zc.suning.com/project/detail.htm?projectId=19762
中山宝益五金塑胶制品...,客服电话:4000321018,https://zc.suning.com/project/detail.htm?projectId=11770
东莞市立真电子科技有...,,https://zc.suning.com/project/detail.htm?projectId=11045
湖北省顶味鲜食品有限...,客服电话:4001671717,https://zc.suning.com/project/detail.htm?projectId=16728
杭州快拓科技有限公司,,https://zc.suning.com/project/detail.htm?projectId=11118
安徽今零众创电子商务...,客服电话:17372289527,https://zc.suning.com/project/detail.htm?projectId=23677
安徽今零众创电子商务...,客服电话:17372289527,https://zc.suning.com/project/detail.htm?projectId=23678
易迪三态（北京）科技...,客服电话:4008020039,https://zc.suning.com/project/detail.htm?projectId=12230
河北达申商贸有限公司,客服电话:15831946777,https://zc.suning.com/project/detail.htm?projectId=23646
上海瑞仕安环保科技有...,客服电话:,https://zc.suning.com/project/detail.htm?projectId=10405
杭州博廉科技有限公司,客服电话:18267169300,https://zc.suning.com/project/detail.htm?projectId=14837
东莞市三霸电子科技有...,客服电话:0769-82166888,https://zc.suning.com/project/detail.htm?projectId=13132
深圳福能达空气与水科...,客服电话:4006789696,https://zc.suning.com/project/detail.htm?projectId=14888
弘烨科技（深圳）有限...,客服电话:0755-84621593,https://zc.suning.com/project/detail.htm?projectId=15222
广东伍妹娘网络科技有...,,https://zc.suning.com/project/detail.htm?projectId=10808
深圳市艾迪盈创科技有...,,https://zc.suning.com/project/detail.htm?projectId=10992
灏在（上海）实业有限...,客服电话:021-66030312,https://zc.suning.com/project/detail.htm?projectId=16965
温州睿斯智能科技有限...,客服电话:400-8002539,https://zc.suning.com/project/detail.htm?projectId=23558
湖北卧龙湾农业科技发...,客服电话:15172647206,https://zc.suning.com/project/detail.htm?projectId=23623
南京苏宁极物电子商务...,客服电话:4008365365,https://zc.suning.com/project/detail.htm?projectId=21225
东莞市炫斯臻车业有限...,,https://zc.suning.com/project/detail.htm?projectId=9722
天津益诚葫芦科技发展...,客服电话:02284713684,https://zc.suning.com/project/detail.htm?projectId=19562
宁波格立光电科技有限...,,https://zc.suning.com/project/detail.htm?projectId=8183
五维X众创空间,,https://zc.suning.com/project/detail.htm?projectId=5134
南京人澍厨房无油烟智...,,https://zc.suning.com/project/detail.htm?projectId=6954
上海我渴了智能科技股...,,https://zc.suning.com/project/detail.htm?projectId=7728
重庆塞夫科技有限公司,,https://zc.suning.com/project/detail.htm?projectId=2681
东莞市泰盛日化有限公司,客服电话:400-8322288,https://zc.suning.com/project/detail.htm?projectId=23700
安徽今零众创电子商务...,客服电话:17372289527,https://zc.suning.com/project/detail.htm?projectId=23706
安徽今零众创电子商务...,客服电话:17372289527,https://zc.suning.com/project/detail.htm?projectId=23704
江苏苏宁易购电子商务...,客服电话:025-66996699,https://zc.suning.com/project/detail.htm?projectId=23669
南京苏宁易购电子商务...,客服电话:02566996699,https://zc.suning.com/project/detail.htm?projectId=23725
安徽今零众创电子商务...,客服电话:17372289527,https://zc.suning.com/project/detail.htm?projectId=23705
南京苏宁易购电子商务...,客服电话:02566996699,https://zc.suning.com/project/detail.htm?projectId=23726
四川狄记酒庄有限公司,客服电话:0832-5092999,https://zc.suning.com/project/detail.htm?projectId=23650
